,video_id,comments
0,RKT7xqPDy74,"['mala decisiÃ³n', 'ğŸ¤£ğŸ¤£no lo se ...POR DIVERSIONğŸ¤£ğŸ¤£ğŸ¤£ğŸ¤£ğŸ¤£ğŸ‰ğŸ‰ğŸ‰ğŸ‰ğŸ§§ğŸ§§ğŸ§§ğŸ§§ğŸƒğŸƒğŸƒğŸƒğŸƒ', 'ğŸ˜‚ğŸ˜‚', 'ğŸ˜‚ğŸ˜‚ğŸ˜‚ğŸ˜…ğŸ˜…', 'ĞœĞ¸ÑÑ‚ĞµÑ€ Ğ±Ğ¸ÑÑ‚ Ñ Ğ½Ğ°ÑˆĞµĞ» Ğ²Ğ°ÑˆÑƒ ĞºĞ¾Ğ¿Ğ¸Ñ', 'Ø£Ø±ÙŠØ¯Ùƒ Ø£Ù† ØªØ±ØªØ¯ÙŠ Ù…Ù„Ø§Ø¨Ø³ Ø¬Ù…ÙŠÙ„Ù‡ Ø§Ù†ÙŠÙ‚Ù‡ Ø¨Ø´ÙƒÙ„ ØºÙŠØ± Ø·Ø¨ÙŠØ¹ÙŠ', '*Me walking in for an interview*', 'Pero el acepto, dijo si con su el movimiento de su cabeza ğŸ˜‚ğŸ˜Š', 'Mr beat car gift plez ğŸ˜¢', 'He thought about it']"
1,SHOV58tdNiI,"['Pora', 'ğŸ¤£ğŸ¤£ğŸ¤£ğŸ¤£ğŸ¤£ğŸ¤£ğŸ‘ğŸ‘‘ğŸŒ»', 'Porra ğŸ˜”', 'ğŸ‰ğŸ‰ğŸ‰ğŸ‰ğŸ‰ğŸ˜‚oi', 'ğŸ¤£ğŸ˜‚ğŸ¤£ğŸ˜ƒğŸ˜‚ğŸ¤£ğŸ˜‚ğŸ¤£ğŸ˜‚ğŸ¤£ğŸ˜‚ğŸ¤£ğŸ˜‚ğŸ¤£ğŸ˜‚ğŸ¤£ğŸ˜‚ğŸ˜‚ğŸ¤£ğŸ˜‚ğŸ˜‚ğŸ¤£ğŸ˜‚ğŸ¤£ğŸ˜‚ğŸ¤£ğŸ˜‚ğŸ¤£ğŸ¤£ğŸ˜‚ğŸ¤£ğŸ˜‚ğŸ¤£ğŸ˜‚ğŸ˜‚ğŸ¤£ğŸ˜‚ğŸ¤£', 'Hola mr beas', 'QUEEEEEEEEEEEEEEE MIEDRA', 'What', 'hahaha muito bomğŸ˜‚', 'Con el doblaje se pierde el chiste']"
2,SGzWIoLAzmY,"['""mas vc e minha famÃ­lia ğŸ˜¢"" q dooooooooo aaaaaaaaa â¤', 'syo  poree', 'Yes', 'cat is odd eye!!!', 'Kedi az Ã¶nce benim hayatÄ±m boyunca calÄ±ÅŸÄ±p kazanmmam gereken parayÄ± yedi', 'ĞĞ½Ğ° Ñ‚Ğ°ĞºĞ°Ñ Ğ¼Ğ¸Ğ»Ğ°Ñ â¤', 'Ğ”Ğ¾Ñ€Ğ¾Ğ³Ğ¸Ğµ ĞºĞ¾ÑˆĞºĞ¸ğŸ˜‚ğŸ˜‚', 'NÃ£o tenho nem mil ğŸ˜‚', 'That cat was so dangerous', 'Cute']"
3,sHX6pzhdCP0,"['Check my map, skins, and emotes out :^)\nhttps://stumbleguys.onelink.me/Zh4x/MrBeastYTShorts', 'ĞœĞ¸ÑÑ‚ĞµÑ€ Ğ‘Ğ¸ÑÑ‚ Ğ—Ğ°Ñ‡ĞµĞ¼ ÑĞ½Ğ¸Ğ¼Ğ°Ñ‚ÑŒ Ğ¿Ğ¾ Ğ°Ğ½Ğ³Ğ»Ğ¸Ğ¹ÑĞºĞ¾Ğ¼Ñƒ ÑĞ·Ñ‹ĞºÑƒ Ğ•ÑĞ»Ğ¸ Ñ‚Ñ‹ Ğ¿Ğ¾Ñ‡Ñ‚Ğ¸ Ğ²Ğ¾ Ğ²ÑĞµÑ… Ğ²Ğ¸Ğ´ĞµĞ¾ Ğ¿Ğ¾-Ñ€ÑƒÑÑĞºĞ¸ Ñ€Ğ°Ğ·Ğ³Ğ¾Ğ²Ğ°Ñ€Ğ¸Ğ²Ğ°ĞµÑˆÑŒ', 'you are really gonna lost money of your doing ğŸ˜‘ğŸ˜‘ğŸ˜ğŸ˜¶', 'Seriously', 'Jimmy Jimmy Jimmy', 'Jimmy, You will give opportunities to Bangladeshi citizens to face your challenges ???', 'Jimmy didnâ€™t know stumble guys is a knock off fallguys game', ""lÃ¼tfen mcdonals cola ve burgerking'in yemekleriniden satÄ±n almayÄ±nÄ±z flistinli Ã§ocuklara Ã¶lÃ¼m olarak gitmektedir saygÄ± duyduÄŸunuz iÃ§in teÅŸekÃ¼rler."", 'ğŸ˜ŠğŸ˜ŠğŸ˜ŠğŸ˜Š', 'No saben acletismo jaj']"
4,ykRq_rp7NhM,"['Imaging feature', 'ĞÑ€Ğ°  ĞœÑ€ Ğ±Ğ¸ÑÑ‚ ĞºÑƒĞ´Ğ°ÑĞ°Ğ¹ Ğ°Ñ…Ğ°Ñ…Ğ°Ñ…Ğ°Ñ…Ğ°Ğ°Ñ…Ñ…Ğ°Ğ°Ñ…Ñ…ğŸ˜‚ğŸ˜‚', 'â¤ğŸ˜ŠjğŸ‰', 'ğŸ˜â¤ï¸', 'You really talk Spanish mr beast â¤', 'YÃªuâ¤â¤â¤â¤â¤â¤â¤â¤â¤â¤', 'Lo bueno de todo es que en el doblaje en espaÃ±ol tambirn realizo una buena elccion de voces a cargo de actores de doblaje profesionales. ğŸ˜Š', 'Legal de mais', 'DatebayÃ³ Naruto cun', 'Joder que Ã©pico']"
5,9fNNhWH-P2E,"['El que hizo el doblaje a bayashi:\n\nDinero free ğŸ˜ğŸ¤™', 'Oye me servÃ­s yo soy', 'ë‚´ê°€', 'Everyon3 ingoring the fact they almost ate plastic wrapper huhÂ°â–ªï¸Â°', 'VocÃª merece mas de 100mi de inscritos mt beastğŸ˜„', 'Mr beastğŸ‰ğŸ‰ğŸ‰ğŸ‰ğŸ˜…', 'Eggs + mayo + eggs + cheese. Could have gone with a little less eggs tbh ğŸ˜‚ and whatâ€™s with the plastic? Why wrap it and than eat immediately afterwards? Makes no sense', 'Ã¡Ä‘Ã¹ Ã´ng lá»“ng tiáº¿ng háº£ğŸ˜ğŸ¤ğŸ˜', 'â¤â¤chÃº dÃ­t tÆ¡ dÃ­t giá» viá»‡t nam', 'So ovo']"
6,on94ouT1TQI,"['M', 'Omad .UZBEKISTONDAN', 'nolan', 'ğŸ‰ğŸ‰ğŸ‰ğŸ‰ğŸ‰', 'aqui e u brazuca', 'Jimmy.  Wow', 'ĞšÑ‚Ğ¾ Ğ¿Ğ¾ÑĞ»ĞµĞ´Ğ½Ğ¸Ğ¹ ÑƒĞ±ĞµĞ¶Ğ¸Ñ‚ Ñ‚Ğ¾Ñ‚ ÑÑ‚Ğ°Ğ½ĞµÑ‚ Ğ´ĞµĞ²ÑƒÑˆĞºĞ¾Ğ¹!\nĞšÑ€Ğ¸Ñ: :)', 'Ğ­Ñ‚Ğ¾ Ğ¢Ğ¾Ñ€Ğ¸Ğº ÑƒĞ¼Ğ¸Ğ½Ñ Ğ¿ĞµÑ€ĞµĞ²ĞµĞ´ĞµĞ½Ğ¾ Ğ½Ğ° Ñ€ÑƒÑÑĞºĞ¸Ğ¹ Ğ¼Ğ½Ğµ 9 Ğ»ĞµÑ‚', 'How much money you have now', 'Dude why is there a trans creature ...']"
7,sHdOH5VTkCg,"['Kimi yo quiero probarlos vivo en CostaRica de sanjuaquin de flores', 'Better than the Star Wars Sequels.', 'xxx', 'Gostaria de ganhar uma casaâ¤ğŸ™', 'Ohh this is good?', 'He should have said, what in the moon insteadğŸ˜‚', 'Bro has better animation budget than NASA', 'bro almost said the s word', 'Noob', 'Oh they learnt this from NASA definitely ğŸ˜‚ğŸ˜‚ğŸ‰']"
8,j3-38Dh-83w,"['Gostaria de ganhar uma casaâ¤ğŸ™', 'La chance de voir adam sendler', 'Woow', 'Adam es mi actor favorito', 'Yo menos eh salido de mi paÃ­s ğŸ˜¢', 'Mano eu vi ali o murder mystery 2 isso Ã© literalmente um jogo do roblox', 'Adam mi religiÃ³n xd lit', 'Jajajaja por quÃ© siempre billetes de un dÃ³lar', 'ğŸ‰ \nM', 'OjalÃ¡ fuera ciertoğŸ˜¢']"
9,NPYPXWJBTWM,"['ğŸ˜‚ğŸ˜…', 'Team ""Thin Mints""âœ‹', 'Ğ¢Ñ‹ Ñ‚Ğ°ĞºĞ¾Ğ¹ Ğ´Ğ¾Ğ±Ñ€Ñ‹Ğ¹', 'Gostaria de ganhar uma casaâ¤ğŸ™', 'ğŸ˜®ğŸ˜®', 'It has to happen', 'Finments are the best', 'Bro donated 9995', 'yo quiero', 'xd']"
10,mRE0AXwFL3Y,"['Ligma', 'Jimmy mrbeans', 'Gostaria de ganhar uma casaâ¤ğŸ™', 'MistÄ±rbin', 'Mmmm. ..... no...... mejor as el de Ricky limÃ³n ğŸ‹', '50,000/1', 'ğŸ˜‚', 'ğŸ˜‚', 'Jimmyâ¤ğŸ˜Š', '\U0001fae0']"
11,wWoTXm9rBzo,"['Gostaria de ganhar uma casaâ¤ğŸ™', 'ğŸ‘ğŸ‘ğŸ‘ğŸ‘ğŸ‘ğŸ‘ğŸ‘ğŸ‘', 'He didnt need the money,he just wanted skydivingğŸ˜…', 'Son name?', 'Agree its best chocolate bar\nâ†“', 'â¤ğŸ‘ğŸ»ğŸ‘ğŸ»ğŸ‘ğŸ»ğŸ‘ğŸ»ğŸ‘ğŸ»ğŸ‘ğŸ»ğŸ‘ğŸ»ğŸ‘ğŸ»ğŸ‘ğŸ»ğŸ‘ğŸ»ğŸ‰', 'Bro also got a free snack W', 'on god', 'that no was personal', 'ğŸ˜¥']"
12,9uNTBYDa8q8,"['ğŸ¥°ğŸ¥°ğŸ¥°ğŸ¥°ğŸ¥°ğŸ¥°ğŸ˜»ğŸ˜»ğŸ˜»ğŸ’ªğŸ’ªğŸ’ªğŸ’ªğŸ’ª', 'ala', 'ğŸ˜²ğŸ‘‹', 'This is mrbeast2ğŸ˜‚â¤', 'Yessssssssssssssssss', 'Gostaria de ganhar uma casaâ¤ğŸ™', 'Huh??', 'Yumdkimamijamaiammioâ¤ğŸ˜¢ğŸ˜‚ğŸ˜®ğŸ˜…ğŸ˜Š', 'Egg', 'Ğ¡ÑƒĞ¿ĞµÑ€ ĞºĞ¾Ğ»Ğ¾Ğ±Ğ¾Ñ€Ğ°Ñ†Ğ¸ÑğŸ˜‚']"
13,tRqLAXTVoZw,"['Gostaria de ganhar uma casaâ¤ğŸ™', 'Egg', 'Those $6400 probably lasted about a week', 'Last guy is still waiting for his turnğŸ˜‚', 'draco wins hağŸ‰', 'From Australia: saying sixty four hundred dollars instead of six thousand four hundred dollars??? Why?', 'Gracias por existir', 'â¤â¤â¤â¤', 'give that money to homeless people', 'Ok now do a million dollar.']"
14,lbqfjEp_XWs,"['Gostaria de ganhar uma casaâ¤ğŸ™', 'Egg', 'â¤â¤â¤â¤', 'Legend is that stuff came from china.', 'id do it sounds fun!', 'All that for $500 f outta heree', 'Hahahaha Would have done it for a pack of cookies', 'Give the poor lady some more money you it in abundance', 'Bros literally giving side quest now XDğŸ˜‚ğŸ˜‚', 'Yes ğŸ˜®']"
15,0kQKIMMiObs,"['Gostaria de ganhar uma casaâ¤ğŸ™', 'Egg', 'Someyyone could have gotten seriously hurt here', 'Jimmy is through ok', 'Ğ—ÑƒÌÑ€ğŸ˜ŠğŸ˜ŠğŸ˜Š', 'â¤â¤â¤â¤â¤', 'ğŸ˜‚', 'â¤â¤â¤â¤', 'Jimmy that stumble guys game is so fun', '10 ĞºĞ° ĞºĞ°Ğ¶ĞµÑ‚ÑÑ ÑƒĞ¶Ğµ ĞºĞ°Ğº Ñ‚Ğ¾ Ğ¼Ğ°Ğ»Ğ¾Ğ²Ğ°Ñ‚Ğ¾']"
16,W3t7RWXRSLs,"['â¤â¤â¤', 'nothing', 'My Brother is mean', 'ğŸ‰ğŸ‰ğŸ‰', 'Takes the money and run', '2', '2', 'Mantap ğŸ‘', 'Why rock paper scissors?', 'Im enjoying watching all your videos, new subscriber here\U0001faf6ğŸ¼ I am a caregiver here in Israel ğŸ‡®ğŸ‡± currently suffering from trauma  from hamas-Israel war and want to go home to my family in the Philippines â¤ Hope you can help me ğŸ™ğŸ¼ğŸ™ğŸ¼ğŸ™ğŸ¼ğŸ™ğŸ¼ğŸ™ğŸ¼ğŸ™ğŸ¼ğŸ™ğŸ¼']"
17,jnyGfof7Lvs,"['To day was  my birthday', 'No the pineapple house is from fortnite. Fortnite made it!', 'ğŸ‡«ğŸ‡¯ğŸ‡²ğŸ‡«', 'â¤ğŸ˜ŠğŸ‰', 'Azerbaijan Ganja come on pls', 'Gostaria de ganhar uma casaâ¤ğŸ™', 'Merhaba Benin telefonum nerede?', 'ğŸ˜¢send meeeee', 'Love  you.   Mr ,beast', 'Love from srilanka ğŸ‡±ğŸ‡°']"
18,_ljhBopSEVI,"['Hola  queria pedir una ayuda  queria emprender un  proyecto  rescatando mascotas  abandonadas   y queria pedirte  de tu colavoracion  soy se san juan argentina', 'Helo', 'Iâ€™m 8!!!!!', 'Your Chanel is soooo goood!!', '\U0001fae1ğŸ˜”ğŸ˜”', 'Cool', 'ä¸‚ë‚˜é˜ä¸‚ê’Ÿå°ºå·¥é˜ä¹‡', 'Bonjour', 'Louder', 'Louder!!!']"
19,lZIlFyzeZig,"['That was the last print of that buffalo......', ""Next step: Ask McDonald's to create a burger with this wagyu"", 'Gostaria de ganhar uma casaâ¤ğŸ™', 'Hola Mrbeas quisiera que me ayudarÃ¡s', 'Next time, make a grilled cheese sandwich with that.', 'Ğ˜Ğ½Ñ‚ĞµÑ€ĞµÑĞ½Ğ¾ ĞµÑĞ»Ğ¸ Ğ¸Ğ½Ğ´ÑƒÑĞ°Ğ¼ Ğ½ĞµĞ»ÑŒĞ·Ñ ĞµÑÑ‚ÑŒ ĞºĞ¾Ñ€Ğ¾Ğ²Ñƒ. ĞœĞ¾Ğ¶Ğ½Ğ¾ Ğ»Ğ¸ ĞµÑÑ‚ÑŒ 5 ĞºĞ°ÑÑ‚Ğµ Ğ½ĞµĞ¿Ñ€Ğ¸ĞºĞ°ÑĞ°ĞµĞ¼Ñ‹Ñ… Ğ½Ğ° Ğ½Ğ¸Ñ… Ğ¶Ğµ Ğ²Ñ€Ğ¾Ğ´Ğµ Ğ½Ğµ Ñ€Ğ°ÑĞ¿Ñ€Ğ¾ÑÑ‚Ñ€Ğ°Ğ½ÑÑÑ‚ÑÑ Ğ²ÑĞµ ÑÑ‚Ğ¸ Ğ·Ğ°ĞºĞ¾Ğ½Ñ‹', 'you can get this in Australia for 5 bucks', 'The relationship between Ramsey and Mr. Beast is awesome', 'Ğ—ÑƒÌÑ€ğŸ˜ŠğŸ˜Š', 'Quiero ğŸ˜‚ğŸ˜‚ğŸ˜‚']"
20,UPhxU9J46Qk,"[""Terima kasih orang baik Free Palestine insyaallah Allahhuakhbar Allahuakbar Allahuakbar Allahumma sholli ala Sayyidina Muhammad wa'ala alisaidina Muhamad Allahumma sholli ala Sayyidina Muhammad wa'ala alisaidina Muhamad Allahumma sholli ala Sayyidina Muhammad wa'ala alisaidina Muhamad Free Palestine Aminnnnn Aminnnnn ğŸ‡²ğŸ‡¾ğŸ‡µğŸ‡¸ğŸ‡²ğŸ‡¾ğŸ‡µğŸ‡¸ğŸ‡²ğŸ‡¾ğŸ‡µğŸ‡¸ğŸ‡²ğŸ‡¾ğŸ‡µğŸ‡¸ğŸ‡²ğŸ‡¾ğŸ‡µğŸ‡¸ğŸ‡²ğŸ‡¾ğŸ‡µğŸ‡¸ğŸ‡²ğŸ‡¾ğŸ‡µğŸ‡¸ğŸ‡²ğŸ‡¾ğŸ‡µğŸ‡¸ğŸ‡²ğŸ‡¾ğŸ‡µğŸ‡¸"", 'ğŸ‘‹', 'OooğŸ˜®', 'so thatâ€™s why itâ€™s so butt', 'â¤ğŸ˜‚E2', 'ì˜¤ ë¹„ë”ë¹™ ë¯¸ìŠ¤í„°ë¹„ìŠ¤íŠ¸ ë‚¯ì„¤ì–´ ã…‹ã…‹ã…‹ã…‹ã…‹ ë‚¨ë„í˜•ì–´ë”¨ì–´â€¢â€¢â€¢', 'Honestly Beast Bars suck', 'â¤â¤â¤â¤â¤', '@MrBeast2 hfdhf', 'ğŸ…ƒğŸ„·ğŸ„°ğŸ„½ğŸ„ºğŸ…‚ ğŸ…ˆğŸ„¾ğŸ…„ á´Ê€.Ê™á´‡á´€sá´›']"
21,Lr9O6b6jBlc,"['ë¶€ëŸ½ë‹¤ ì´ˆì½œë¦¿ í•œêµ­ì€ë¹„ìŒˆ ã… ã… ', 'They moved to the channel', 'noice', 'â¤', 'â¤', 'Emotion', 'Iâ€™ve tried it ,and it is the best chocolate Iâ€™ve ever hadğŸ‰', 'So sorry Mr beast', 'Challenge 24 hours man vs wild', 'Challenge 24 hours man vs wild']"
22,Y-vLayu1NWs,"['Well at least he has Bond money', 'no stop à¸¡à¸´à¸ªà¹€à¸•à¸­à¸£à¹Œà¸šà¸µà¸™ à¸¡à¸±à¸™à¸¡à¸µà¸„à¸™à¸«à¸±à¸à¸«à¸¥à¸±à¸‡à¸„à¸¸à¸“à¸™à¹ˆà¸°à¸„à¹ˆà¸°', 'â¤ğŸ˜ŠğŸ‰ also hÃ¤ wieso gibst du immer Geld kannst du auch mal die homeless peoples machen', 'a', 'Ok', 'something wrong he really no need but the poor will need it', 'Guy:Stop playing  mr.beast: no', 'â¤â¤â¤â¤', 'u should put the chocolate in Canada', '""Stop playin\'.""\n\'\n""No.""']"
23,57AoEm66EZM,"['Ok Mr. Beast... when are you going to be in my neck of the woods? ğŸ˜…', 'Give me a car ğŸš—', 'Shoutout to Mr beast ğŸ‰', 'Just a wealthy guy checking the morals of others. Very interesting.', 'Pls help me seriously ğŸ˜’', 'what if it was a kidnapper', 'U bless', 'Are we ignoring the height difference?', 'Mr beast probably spends more money on cases.', 'TRY IT IN THE GHETTO AND YOU WILL FAIL EVERY TIME.']"
24,EniZMIlfqk0,"['â¤', 'Yo me preguntÃ³ quiÃ©n no conoce esa cara ? Hahaha', 'Damn blue was gonna pay but dude kinda whooped it', 'AdemÃ¡s lo deberÃ­a compartir con su amigo', 'HELLO', 'WrBeast  2', 'He knew it was Mr beast', 'Yes', 'Hello', 'Bengan  a  machala  porfovor']"
25,5Qb-uKhSw4Y,"['Gostaria de ganhar uma casaâ¤ğŸ™', 'Eres el mejor amigo', 'Ayu dame', 'Cvb', 'No', 'Pls help me in Sri Lanka', ""You could've literally handed it to your girlfriend"", 'Givers gain â¤', 'Come to the Netherlands make Europe tour', 'Who is filming']"
26,Uov121gdBho,"['make  a  bigger  one', 'eu sÃ³ tenho 8  anos e nÃ£o faÃ§o bagunÃ§a', 'Bro got bamboozled', 'ğŸ˜‚ğŸ˜‚Ro. Uio', 'You are really silly.', 'Bro', 'NawğŸ˜®', 'Hey Siri, how are you doing?', ""Whoa that's cool\nâ¤â¤â¤â¤â¤â¤â¤â¤â¤â¤â¤â¤"", 'the sexual innuendo!!! oh my god']"
27,0nS_yE49vDI,"['ĞŸĞ¾Ğ¶Ğ°Ğ»ÑƒĞ¹ÑÑ‚Ğ° ğŸ™  ğŸ¡ â¤ Ñ€Ğ°Ğ´Ğ¸ ĞĞ»Ğ»Ğ¾Ñ…Ğ°', 'ive had a porkupine in my mouth before so its fine', 'in love mr beast', ""I'm just now finding this out their is a pineapple Jolly rancher"", 'â˜ ï¸â˜ ï¸â˜ ï¸â˜ ï¸â˜ ï¸â˜ ï¸â˜ ï¸ğŸ‘€ğŸ’ª', 'Iâ€™ve seen that front on holiday once', 'Naaaaahhh nick just licked it ğŸ˜‚', 'This is the fruit of Monstera deliciosa and it is very tasty', '00:40', 'huwak nyu kainin']"
28,ieKAhG_gdCw,"['HELP ME', 'Vivo en una comunidad indigena y allÃ­ los indigenas juegan fÃºtbol son muchos equipos apoyanos con uniformes deportivos te esperamos Venezuela Guayo, murako', 'Iâ€™m still growing up thoâ€¦.', 'Is sapnap still kidnaped?', 'pls let\nme know how to', 'Wow', 'Mi Time was end â¤', 'METAS â¤', 'But you reached 200M ?', 'Hlo sir']"
29,1Y1Kcfog3KU,"['If bro knows what a hihat is', 'Presses the wrong button', 'YOU MAKING IT OUT THE HOOD WITH THIS ONEğŸ”¥ğŸ”¥ğŸ”¥ğŸ”¥ğŸ”¥ğŸ”¥ğŸ”¥ğŸ”¥ğŸ”¥ğŸ”¥ğŸ—£ï¸ğŸ—£ï¸ğŸ—£ï¸ğŸ—£ï¸ğŸ—£ï¸ğŸ—£ï¸', 'This goes to show money is more important than talent', 'What was the song????', 'â¤â¤â¤â¤', ""What's the song called"", 'How to become an artist in 3 steps lol', 'Me armyyy ğŸ˜…', 'Bro did a Ludwig ğŸ˜‚']"
30,er5LLR2oCmg,"['ğŸ‰ğŸ‰ğŸ‰ğŸ‰ğŸ‰ğŸ‰CONGRATULATIONS ğŸ‰ğŸ‰ğŸ‰ğŸ‰ğŸ‰ğŸ‰ğŸ‰ğŸ‰ğŸ‰ğŸ‰ğŸ‰ğŸ‰ğŸ‰', 'Meeeee', 'â¤â¤ğŸ˜ƒğŸ˜ƒğŸ˜ƒğŸ˜ƒğŸ˜‡ğŸ˜‡ğŸ˜‡99,99999ğŸ‰ğŸ‰ğŸ‰', 'Whoâ€™s here at 1b', 'Me', 'Whay gwang mi a jamaican', 'Yeh man wamng', 'Congrats', ""I've been watching for about 3 years"", '11yearsold']"
31,PIIDWkxdcXY,"['Toast', 'â¤â¤â¤â¤', 'My friend, for some reason on my baseball team, he invented a chant where we would say toast for some reason', 'ğŸ˜‚ğŸ”ºï¸', 'ğŸ˜‚ğŸ”¼', '""Tell them to chant the basketball player word""- ğŸ‘´ğŸ»', 'Goyums ğŸ˜‚ğŸ˜‚ğŸ˜‚', 'Is beautyfull', 'Toast', 'ğŸ˜‚ğŸ˜‚ğŸ˜‚ğŸ˜‚ğŸ˜‚ğŸ˜‚']"
32,48aPpt02360,"['ğŸ˜­BRUHH', '@alaska violet', 'Hahahahha', 'ĞĞ¾Ğ¾Ğ°Ğ¾Ğ°Ğ¾Ğ°Ğ¾Ğ°Ğ¾Ğ°Ğ¾Ğ°Ğ¾Ğ°Ğ¾Ğ¾Ğ°Ğ¾Ğ°Ğ¾Ğ° ĞºÑ‚Ğ¾ Ñ€ÑƒÑÑĞºĞ¸Ğ¹ ÑÑĞ´Ğ°\nğŸ‘‡', 'Did he drop the bread? This is sin', 'â¤â¤', 'Wowâ¤â¤â¤', 'ğŸ˜‚ğŸ˜‚ğŸ˜‚ğŸ¤£ğŸ¤£', 'Bro, throwing bread on the ground is a sin in religion', 'â¤â¤â¤â¤â¤']"
33,PQvsFHXmQcI,"['ÙÙ', 'Ğ—ÑƒÌÑ€ğŸ˜ŠğŸ˜Š', 'â¤â¤â¤â¤â¤â¤', 'Bro could have just break his piggy bank to get a penny', 'Bro, please help me ğŸ™ğŸ™ğŸ™ğŸ™ğŸ™', 'Mr. Beast you are the best.', 'The cameraman thinking he did it too but no creditğŸ˜‚', 'Hola mistery quiero conocerte peso no soy Argentina asÃ­ que river ni mi casa iPhone 119 ojalÃ¡ pueda verte es que', 'Mr beast the best o maior do mundo the Brasil Love you', 'RESPECT \U0001fae1']"
34,T4MLZQkelkI,"['in jakarta', 'really need for homeless & poor people', 'â¤â¤â¤â¤â¤', 'Pagal', 'WOWğŸ‘', 'Yeah flying socks', 'Free free Palestine', 'Weâ€™re is this', 'Where is this at.', 'Ğ Ğ°Ğ·Ğ´Ğ°Ñ‡Ğ° Ğ½Ğ° ÑĞ¿Ğ°Ğ²Ğ½Ğµ']"
35,1C8G1U-82F0,"['Where is this please tell me', 'This is so beautifulğŸ˜ŠğŸ˜ŠğŸ‰', 'â¤', 'ğŸ’µğŸ’µğŸ’µğŸ’µğŸ’µğŸ’µğŸ’µğŸ’µyou', 'QuÃ© hermoso ğŸ˜„ğŸ˜„ğŸ˜ƒğŸ˜€', 'But where is it', '81', 'â¤â¤â¤â¤â¤â¤', 'Where?!', 'Wow']"
36,-JuvzZ0I1I8,"['Jimmy is in a poor people cosplay', 'ÙŠÙ‡Ù‡Ù‡Ù‡Ù‡Ù‡Ù‡Ù‡Ù‡Ù‡Ù‡Ù‡Ù‡Ù‡Ù‡Ù‡Ù‡Ù‡Ù‡Ù‡Ù‡Ù‡Ù‡Ù‡Ù‡Ù‡Ù‡Ù‡Ù‡Ù‡Ù‡Ù‡Ù‡Ù‡Ù‡Ù‡Ù‡Ù‡Ù‡Ù‡', 'COME RENT OUT CRAZYPINZ AT FORT WAYNE AND INVITE A LOT OF PEOPLE!!', 'The Home Depot beatğŸ˜‚', 'Makes sense', 'So true *flashbacks to buying a whole store and 5 stores*', 'Jimmy bald', 'We. PrÃ©stame 80 bolas para enganchar un carro.', 'Mr beast', 'they better be getting tipped ğŸ˜‚']"
37,kTg4kBRz3t4,"['This guy is on his journey to get constipation\nHis digestive system is gonna stop working as soon as he turns 70\nSo better chew ur food properly...', 'Yummy ğŸ˜‹', 'Get the shuts to do it', 'â¤â¤â¤â¤', 'My from bangladesh', 'â¤â¤â¤â¤â¤â¤', 'â¤â¤â¤â¤â¤â¤â¤ğŸ˜‚', 'Joey chestnut enters the room', 'Nonsense', 'Se ven ricos ğŸ˜‹']"
38,kiJcFJhUTu8,"[""I WILL FLY YOU TO VIDCON. Here's what to do: click the hashtag on this video, make a Short sharing some candy, and post it! There's going to be multiple winners so make sure you enter :)"", 'Hey Jimmy can u give me a chocolate pls', 'TÃ¼rkiye Ã§oklet bar pls ğŸ‡¹ğŸ‡·ğŸ‡¹ğŸ‡·ğŸ‡¹ğŸ‡·ğŸ‡¹ğŸ‡·', 'â¤â¤â¤â¤â¤â¤', 'Dicen que lo hacen ese chocolate en PerÃº. Pero aquÃ­ no lo venden creo ğŸ˜¢', 'Love from Pakistan bro', 'Love you bro', 'Is it on now', 'ğŸ˜…\nGimi.', 'But no herheys choclate']"
39,YvPxFOwpYYg,"['No bro eres el puto amo que capo', 'â¤â¤â¤â¤â¤', 'â¤â¤â¤â¤', 'What Blanket out', 'Yummy', 'Can you use the factory for feastables ?', 'â¤ğŸ‡¨ğŸ‡´ğŸ‡¨ğŸ‡´ğŸ‡¨ğŸ‡´âœ¨', 'Are you gonna do anything to help people in Michigan get safely drinkable water?', 'á¯Iá¯á—´ á—°á—´ á—© á—·á—°á—¯', 'ğŸ˜…ğŸ˜…ğŸ˜…']"
40,3HjlcChckdw,"['â¤â¤â¤â¤â¤', 'this is epic', 'ğŸ˜‚', 'Free palesrtinğŸ˜ŠğŸ˜Š', '75', 'Ludwig should become one of the crew', 'starrrrr warsssssssğŸ¤ğŸ¤ğŸ¤ğŸ¤ğŸ¤ğŸ˜®ğŸ˜®ğŸ˜®ğŸ˜®ğŸ”ªğŸ”ªğŸ”ªğŸ”ªğŸ”ª', 'Dunyan en iyi lazeri ile cantaya bagli onu la deneyinğŸ˜Š', ""That's a light hoseğŸ˜…"", 'May the force be with you']"
41,Nx9Odqg4Fe0,"['Wait what?????', 'ğŸ˜‚â¤ğŸ‡®ğŸ‡¶', 'Oooo', 'Lee mr beast', 'This is Elon musk. My secret account.', 'â¤â¤', 'Boys Elon musk is going DOWN!!!', 'â¤â¤â¤', 'Is this legally binding? Need Ugo up in here ğŸ˜‚', 'Hence the reason he renamed it ğŸ˜…ğŸ˜‚']"
42,cK55SlddSo4,"['Misdirbis seni seviyorum â¤â¤â¤â¤â¤â¤â¤â¤â¤ğŸ˜¢ben seni gÃ¶rmek istiyorum', ""Ever swung a shovel or a saw? Didn't think so.ğŸ˜‚"", 'THATS ME', 'My guy needs a break ngl XD', 'lol ikr', 'bruh', 'then you say no and ppl cancel you âœ‹ğŸ˜­', 'Lol', ""Just let a good dude be a good dude and let fate be fate, he obviously had a method and reasoning behind how, when, and who he gives to. Just shake the guy's hand and appreciate that there's even someone out there helping people."", 'Hello mr beast']"
43,AAuRnIqXjpE,"['Balls', 'ye', 'where is the link?', 'ickrolll', 'Jimmy you can do it tomorrow or Thursday', 'the perfect opportunity to do a rickroll', 'How guy', 'Where is the description?', 'Yes110%missed rickroll  opportunity', 'ğŸ˜‚']"
44,nsbHrMXdu3o,"['Ehehehehehe', 'Hahah', 'ğŸ¥³', 'yo waz goo- bro bro.BRO', 'The best day of my life', '*puts one of the bunch of money in my pocket*', 'Imma sit your lap just to have that money bro BWHAHAHAHAHHA', 'ğŸ¤‘ğŸ¤‘ğŸ¤‘ğŸ‘ğŸ‘ğŸ‘', 'Me:keep it coming', ""Beast, money is nothing but a piece of paper, it's warmer sitting on your lap <3333""]"
45,sse_kKOa_4k,"['Hahaha', 'We need him back', 'Future babysitters ğŸ˜‚', 'lemma try this', 'à¸­à¸¢à¸²à¸à¹ƒà¸«à¹‰à¸„à¸¸à¸“à¸™à¹ˆà¸°à¹à¸›à¸¥à¹€à¸›à¹‡à¸™à¹„à¸—à¸¢', 'Ummmmm..... Good', 'Ray William Johnson? That you?', 'O oo lo\noooooooooooioo odio', '70', 'LIFE GOGES ONANONANOANONANONANONANONANON YEYEYEYE']"
46,7NTznJOVIy0,"['The fact he hasnâ€™t collaborated with Sam and coby yet it crazyğŸ‘€', 'Help me bro ğŸ™ğŸ™', 'ME ğŸ˜®ğŸ˜®ğŸ˜®', 'ğŸ˜‚ğŸ˜‚', 'OMG Zach giving the doll?', 'Who saw Zach king in the back corner', '69', ""That's a voodoo doll \U0001fae5"", 'Who?', 'Moro em Mafra  perto  da iskiba']"
47,oFkDadO1qd0,"['W MK assault rifle ğŸ”¥ğŸ”¥ğŸ”¥', 'Help me bro ğŸ™ğŸ™', 'ğŸ¥³', 'YES', 'FREE fire the best', '68', '""It\'s evolution, just backward"" blow up in my mind', 'but now we got OG fortnite ğŸ’¯ğŸ’¯', 'tbh, this is a really fun gamemode', 'do u play fortnite?']"
48,7bKoK8WCMz8,"['Until all the icecream completedğŸ˜…ğŸ˜‚', '6 months', '5 years', '5 years', ""I'll do it for free"", 'Make this  the most liked comment please', 'FOREVER', 'About two weeks', 'At least a year', 'â™¾ï¸']"
49,d5Iq_0_DNiE,"['Why is Mona Lisa in this?', ""Wow it's mrbest Wow hahahaha it's 9 1 1 it's easy"", 'Bro recover in a minite', 'Nah he made the Mona Lisa in 10 seconds', 'Tommy Timmy Jimmy limmy', 'Kuuny', 'Ù…Ø³ØªØ± Ø¨ÙŠØ³Øªâ¤', 'ğŸ˜®ğŸ˜®ğŸ˜®ğŸ˜®ğŸ˜®ğŸ˜®ğŸ˜®ğŸ˜®ğŸ˜®ğŸ˜®ğŸ˜®ğŸ˜®ğŸ˜®ğŸ˜®ğŸ˜®ğŸ˜®ğŸ˜ŠğŸ˜ŠğŸ˜Šâ¤â¤ğŸ˜†', ""hey Mr bist I'm your han"", 'Ö®Ï×\u2060ê­ˆ××…\u2060Ï…××…h××…Ö® t××…××…h××…Ö®××…Ö®\u2060ê«€××…\u2060Ü»İŠê­ˆ××…\u2060ê«€××…\u2060Ü»İŠ×…ê¯± ê©‡××…\u2060İŠÖª á¨µ××…×…\u2060İŠêª€É‘××…\u2060á¥£××…Öª\u2060êª±××…××…××…×…\u2060ê¯±É‘××…!']"
50,laaYk9lE0O4,"['hey', 'The power ranger t-shirt is a legendary t-shirtğŸ˜¤', ""Jimmy what's the song name?"", 'People who saw mrbeats', 'Never let them know your next move', 'Good one mr beast', 'ğŸ¤£ğŸ¤£', 'ğŸ¥³', 'Haaaaaaaa', 'The legend']"
51,AYMuPowoHcY,"['ğŸ˜‚ğŸ˜‚', 'That is atrocious', 'Pfffftt', 'ğŸ‘ğŸ‘ğŸ‘ğŸ‘ğŸ‘ğŸ‘ğŸ‘ğŸ‘ğŸ‘ğŸ‘', 'Nah', 'Logo sucks the new one', '10/10 peak design', 'ğŸ˜‚ğŸ˜‚ğŸ˜‚ğŸ˜‚ğŸ˜‚ğŸ˜‚ğŸ˜‚ğŸ˜‚ğŸ˜‚ğŸ˜‚ğŸ˜‚', 'This Channel should hit 40 K and then Jimmy should do it', 'It slays so hard']"
52,s5A8cO56wuU,"[""Couldn't mr beast buy lambo"", 'loool', 'Who uses oxygen?                                          ğŸ‘‡', 'ğŸ‘ğŸ‘ğŸ‘', 'Ahahahah', 'ğŸ‘ğŸ‘ğŸ˜†ğŸ˜†ğŸ’• door to door ğŸ‘', 'ğŸ˜Š', 'Are they in doors ?', 'Mr.boost â™¥ï¸', 'They reminded me of Tom and Jerry ğŸ˜‚â¤']"
53,USNQnhx1QX0,"['No way this is official', '*"" O H    Y E A H ""*', '.', 'When you realize that this is the official mr.beast channel:', '*â€ I F E E L I T I N M Y S U P E R B A L L L S â€œ*', 'mr. beast would end up making saw irl', 'Moth is confused.', 'Lol he is lolllll', ""Ngl, Mr beast is kinda iffy. But if he really is good, then he should give my fam 2k. That's all we need"", 'Me remembering one mr beast meme, mr beast? Nah MR FEAST ON UR CHILDREN ğŸ˜­']"
54,_y0-HZPxkBU,"['My birthday is 29 jan', 'Saya mau coklat', 'Me too', 'Me', 'where in Egypt', 'ğŸ¥°ğŸ¥°ğŸ¥°ğŸ‘ğŸ‘ğŸ‘', 'à¶´à·à¶§à·’à·ƒà·Š cup criket à·ƒà·“à¶§à·Š à¶‘à¶š scores idea of a scores idea of a 20 strider 2012', 'ğŸ˜Š yariel', 'Mr beast manda suas barras para obrasil para anapolis', 'Mitsubishi gyÃºjtsak lÃ¡bbal Xbox']"
55,y_k0vsyGyzY,"['â¤â¤â¤â¤â¤â¤â¤â¤â¤â¤â¤â¤â¤â¤', 'Hola mi serpiente sÃ© que sÃ© que no hablas tÃº en espaÃ±ol pero pero quiero que me mandes un saludo y lo traduzcas chao Hello Hello', 'Wow just amazing â¤', '60', 'MATPAT', 'Is this side charity match', 'Voy ha empezar a decir,hey ,a partir de acÃ¡ en los comentarios', 'Zach king is here', 'Zach win', 'OMG THATS ZACH KING']"
56,Adt1X-SdsS0,"['Mr best  cum à·à·Š\u200dà¶»à·“ à¶½à¶‚à¶šà· à¶…à¶©à· à¶šà·’à·€à·Šà·€à·š', 'ĞÑƒ Ñ‚Ğ°ĞºĞ¾Ğµ ÑĞµĞ±Ğµ', 'Noooooo wayyyyyyyyyy ooooommmmgggggggg it gets no better then this', 'Uang saya rupiah jimmy ğŸ˜¢ğŸ˜¢, jadi agak sulitğŸ˜‚ğŸ˜‚ğŸ˜‚ğŸ˜‚ğŸ˜‚ğŸ˜‚', 'Are they all gone?', 'â¤\n\nğŸ‰ğŸ˜…', 'HellMee', 'Bring this back â¤', 'Is that a boy?!', 'LÃ¼tfen TÃ¼rkiye ye gel']"
57,snwe2C5Dvoo,"[""I'm uploading my squid games this week! Subscribe!"", 'ğŸ¥³', ""What's the doll looking?"", 'The music rlly said: HEHEHEHEHEHEHEHEHEHEHEHE', 'ğŸ˜®ğŸ˜®WowğŸ˜®ğŸ˜®', '58', 'A', 'Selam', 'Selam', 'It looks insane ğŸ™€']"
58,iqn4vWySmF0,"['Thanks for donating to Team Seas! weâ€™re so close to halfway. please continue to donate so we can protect the ocean! Teamseas.org', 'Ğ¡Ó™Ğ»ĞµĞ¼ ÒšĞ°Ğ·Ğ°Ò›ÑÑ‚Ğ°Ğ½Ğ½Ğ°Ğ½ Ğ¼Ğ¾Ğ»Ğ°Ğ´ĞµÑ† Ğ¶Ğ°Ñ€Ğ°Ğ¹ÑÑ‹Ò£', 'Blud probabaly just buried itğŸ˜…', 'ğŸ™ğŸ»ğŸ™ğŸ»ğŸ™ğŸ»ğŸ™ğŸ»ğŸ™ğŸ»ğŸ™ğŸ»ğŸ™ğŸ»', 'False', 'ğŸ‘ğŸ‘ğŸ‘', '57', 'BRO IN THE BACK', 'Someone is watching then after the transition', 'Love  mr beast â¤']"
59,DMP-uU2988Q,"['56', 'Comment', 'Please help me Jimmy Bhai jan please help me Jimmy Bhai', 'Where is team greens for cleaning the land', 'HowğŸ§ğŸ¤·ğŸ»\u200dâ™€ï¸', 'AZZZZYLANDDD', 'Team bees is next', 'Your the best jimmy', 'Elon musk', 'What about kilograms?']"
60,KbYrEtuHIZ4,"['How', 'ê¸°ë¸Œë¯¸  ë¨¸ë‹ˆ  ğŸ’°', 'How', 'How?', 'How did you get in thereğŸ˜‚', 'Jimmy how', 'huh', 'ğŸ¤‘ğŸ¤‘ğŸ¤‘ğŸ¤‘ğŸ¤‘ğŸ¤‘ğŸ¤‘', 'how', ""That's how he got unlimited money""]"
61,ka7-lnvkHcE,"['Mr beast alone is keeping the briefcase business booming....', 'W beast', 'BRO PULLED PUT THE MASTERCARD', ""I'm straight"", 'ğŸ˜‚ğŸ˜‚ğŸ˜‚ğŸ˜‚ğŸ˜‚', 'id say get the fu away from me', 'W', 'Da power of money ğŸ˜®', 'Imagine Mike Tyson is at the door starring at him....and he is saying ""eye contact"" what the fook!!!', 'W mr Beast']"
62,RS9jRyYFFQM,"['ğŸ˜‚ğŸ˜‚ğŸ˜‚ğŸ˜‚ğŸ˜‚ğŸ˜‚ğŸ˜‚ğŸ˜…ğŸ˜…ğŸ˜…ğŸ˜Š', 'No, Iâ€™m Julian', 'MR BEST ğŸ‡³ğŸ‡«ğŸ‡µğŸ‡­', 'ğŸ˜‚ğŸ˜‚ğŸ˜‚ğŸ˜‚ğŸ‰ğŸ‰ğŸ‰ğŸ˜¢ğŸ˜®ğŸ˜®ğŸ˜®ğŸ˜…ğŸ˜…ğŸ˜…ğŸ˜ŠğŸ˜Šâ¤', 'Mister bis aku belin rumah dong', 'Free Free ğŸ‡µğŸ‡¸', 'me beast', 'ye no actally the stairs be lookin mighty fine right abt now', 'Get me your bag pls:)))', 'Billetera mata galÃ¡n mister beast, tranquilo papaaaa!!!']"
63,3C-H-3GKmSo,"['help us get to 69,696,969 subscribers lol', 'NO 210 M', '69,420,000', 'ğŸ‰ğŸ‰ğŸ‰', 'Next up 690,000,000', 'ğŸ‰', 'ğŸ˜¢ğŸ˜¢ğŸ˜¢ğŸ˜¢ğŸ˜¢', 'Wat does 69 mean', 'Im subscribed to you', 'Yes ğŸ‘ğŸ‘ğŸ‘ğŸ‘ğŸ‘ğŸ‘ğŸ‘ğŸ‘â¤â¤â¤â¤â¤â¤â¤â¤â¤â¤â¤â¤â¤â¤â¤â¤â¤â¤â¤â¤â¤â¤â¤']"
64,ayoqtcyNurM,"['Give me v bucks', 'That dude is clearly confused', 'ğŸ˜‚ğŸ˜‚ğŸ˜‚ğŸ˜‚ğŸ˜‚ğŸ˜‚ğŸ˜‚ğŸ˜‚ğŸ˜‚ğŸ˜‚ğŸ˜‚ğŸ‰ğŸ‰ğŸ‰ğŸ‰', 'The Chicken nugget is that expensiveğŸ˜‚ğŸ˜‚ğŸ˜‚ğŸ˜‚ğŸ˜‚ğŸ˜‚', 'WHAT THE ğŸ˜‚ğŸ˜‚ğŸ˜‚ğŸ˜‚ğŸ˜‚ğŸ˜‚', 'Beast nuggets', 'Chicken nugget Wellington', '$420.69for a single chicken nugget ğŸ‘ŒğŸ‘ŒğŸ‘ŒğŸ‘Œ', '$420 for a chicken nuggetğŸ˜‚ğŸ˜‚ğŸ˜‚', 'ğŸ˜‚ğŸ˜‚ğŸ˜‚ğŸ˜‚ğŸ˜‚']"
65,VdGUsA6TRAY,"['check out our first song https://www.youtube.com/watch?v=zxYjTTXc-J8', 'â€œThe Best Boysâ€', 'Now its him and the sorta boys', 'Sg guitar ğŸ”¥ğŸ”¥ğŸ”¥', 'Yeaaaaaa', 'The boysâ€¦â€¦', 'me and the birds', 'Where is bass player??', 'Linkin Beast\nMy Beast Romance\nBeastones\nBeast Day\nbeast-182', 'Cool']"
66,_icWbXT3iq0,"[""Why didn't they use the five seconds to agree on saying poop ğŸ’©"", 'You can tell that this was from a long time ago', '*meow*', 'ğŸ˜‚', 'ğ“ğ“´', 'Back when they still had testosterone', '49', 'They should have said ""word"".', 'ğŸ˜®ğŸ˜®ğŸ˜®', 'DÃ­a #5 pidiÃ©ndole 10 millones de pesos a Mr Beast para poder terminar mi carrera universitaria.']"
67,NhkzQ2sKRLw,"['ğŸ˜‚ğŸ˜‚ğŸ˜‚', 'NOLAN SUCKS AT BOWLING LOL', '"" the people who lost 2 million dollars to bowling""\n:(', '48', 'Nostalgia', 'True', 'Thank you Jimmy', 'Lol', 'noice', 'The noise of Nolan ğŸ˜‚ğŸ˜‚ğŸ˜‚ğŸ˜‚ğŸ˜‚ğŸ˜‚ğŸ˜‚ğŸ˜‚ğŸ˜‚']"
68,6NUAfYJTb9U,"['Yeah', 'Eu sou inscrita me chama pra algum desafio por favorğŸ™ğŸ»ğŸ™ğŸ»ğŸ™ğŸ»', 'Xd', 'he is the chosen oneâ€¦. He has unlocked the perfect SpongeBob popsicleâ€¦.', 'mrbera', 'ğŸ˜‚', 'It no good', 'that ones teath are too long', 'Are you mitserlbist', 'Op']"
69,-St6ViJcE0M,"['Please invite me for insane competitor', '46', '""I\'ll see you later"" is he gonna take back the money ğŸ‘€', 'ØªØ­ÙŠØ§ØªÙŠ Ù„ Ø·Ø§Ø±Ù‚ Ø§Ù„ÙÙ„Ø³Ø·ÙŠÙ†ÙŠ', 'Beast oh', 'Ø·Ø§Ø±Ù‚ Ø§Ù„Ø§ÙØ¶Ù„', 'ĞºÑ€ÑƒÑ‚Ğ¾', 'He turned into milk man', 'Jimmy aku juga mau ikut permainan berhadiahnyağŸ˜…ğŸ˜…ğŸ‰ğŸ‰ğŸ˜‚ğŸ˜‚ğŸ˜‚', 'Y dÃ³nde esta el TRADUCTOR??? ahora xq me sale en inglÃ©s..... ğŸ˜ğŸ˜ğŸ˜ğŸ˜']"
70,D2Nja7c_d6k,"['â¤â¤â¤â¤â¤â¤â¤â¤â¤â¤â¤â¤â¤â¤â¤', 'Ya think mr beast got squabbles?', 'Mr Beast come to Kenya in Nairobi at Jogoo rd', 'Tarek most underrated need him in more vids', 'Wish to meet him in my life. â¤', 'Tariq is the best', '45', 'amazing ğŸ‰', 'Good challenge mr.beastâ¤ğŸ˜…', 'This Man need a Oscar']"
71,WRxGptfonDI,"['â¤â¤â¤â¤â¤â¤â¤â¤â¤â¤â¤â¤â¤', 'ğŸ‰â¤â¤â¤â¤â¤â¤', 'f1 1977 accident', 'BALLONS IN YOUR ROOM THAT CRAZY', 'ğŸ˜‚ğŸ˜‚ğŸ˜‚', 'Brayn ğŸ˜‚ come back', 'Ğ­Ñ‚Ğ¾ Ñ Ğ¼Ğ°Ğ¼Ğ¸ĞºÑĞ° ÑĞ²Ğ¾Ñ€Ğ¾Ğ²Ğ°Ğ½Ğ¾ğŸ˜…', 'No ablo ni escribo inglÃ©s \nOjalÃ¡ lo traduzcas \nTe admiro y me gustan mucho tus videos', '44', 'ğŸ‡µğŸ‡¸ğŸ‡µğŸ‡¸ğŸ‡µğŸ‡¸ğŸ‡µğŸ‡¸ğŸ‡µğŸ‡¸â¤â¤â¤â¤â¤â¤']"
72,0VDIibxorIE,"['43', 'Good ğŸ‘', 'When the were just boys', 'U Has to use the Secret Wii Sports tactic', 'Moments before disaster', 'U SHOULD HAVE LET NOLAN TRY', 'ğŸ¤¬ğŸ¤¬ğŸ¤¬ğŸ¤¬ğŸ¤¬ğŸ¤¬ğŸ¤¬', '""This is righed""ğŸ˜¢ğŸ˜‚ğŸ˜‚ğŸ˜‚ğŸ˜‚ğŸ˜‚', 'How many did jimmy hit', 'Thatâ€™s a wiisports gamemode']"
73,ZCVj0ZSd7Ps,"['why ??? ğŸ˜¢', 'Its katanaaaaaaa', 'Hope these were spoilt fruit guys.', 'It would take half of my salary to buy those fruits', 'Nigahiga', 'No longer can we say tbeyre the bois', 'EGORIK please', 'åˆ‡ã‚Œå‘³ã‚ˆã‚¹ã‚®ã‚£ï¼', 'Unspeakable already did fruit ninjağŸ˜Š', 'â¤â¤â¤â¤ğŸ˜‚ğŸ˜‚ğŸ˜‚op']"
74,YOQmn0kMVz0,"['Hahahah', 'Bro', 'wow', 'He had a challenge that if he would say whole Mr Beast lore in 60seconds he would get 10milğŸ˜‚ğŸ˜‚ğŸ˜‚', 'Now itâ€™s $12 under!!!!!!!!!!!!!!!!!!!!!!!!!!!!!!!!!!!!!!!!!!!!!!', 'Meaning it was $281 under, which now is nothing!!!!!!!!!!!!!!!!!!!!!!!!!!!!!!!!!!!!!!!!!!!!!!!!!!!!!!!!!!!!!!!', 'The closest one was at $9,999,719!!!!!!!!!!!!!!!!!!!!!', 'YOU WIN A 10.000.000$!!!!', 'They play fortnite?', 'Just but the moon']"
75,_Oegfdw2Ucs,"['Holy crap', 'bro', 'Ummm... This is insane lol', 'Imagine having a food fight with themğŸ˜‚', 'Bro, please help me ğŸ™ğŸ™ğŸ™ğŸ™', 'ğŸ˜‚ğŸ˜‚ğŸ˜‚', 'omg', '\U0001fae4', 'Now we know why he held and bit the way he did.', 'halo mr.beasst i.m subscreb you..']"
76,CC5lNpxVC64,"['Respect to chandler for losing 10 grands', 'B', 'it should have been candler', 'No hablo ni escribo en inglÃ©s\nOjalÃ¡ lo puedas traducir \nTe admiro y me gustan mucho tus videos', '39', 'Chandler kenapa kamu sering kalahğŸ˜¢ğŸ˜¢ğŸ˜‚ğŸ˜‚, jimmy saya juga mau dongğŸ˜…ğŸ˜…ğŸ˜‚', ""Being a camera man for years and here's your prize"", 'WoW', 'Salamalaykum Tareq!', 'Hey']"
77,gMjpG-vQkpQ,[]
78,bKqVcHWhO4Q,"['new main channel video this week :)', 'The manager said 3-4k and it was 3.5k! He knew what he was doing!', 'Waaaaaattttt', 'Infine money glitch', 'Good for you brodie ğŸ”¥', 'Where did my comment go', '37', 'Sooo sapnap Is still there??', 'My sister is getting your mearch for Christmas', 'Come to Canada']"
79,Dgu_j0vV0rk,"['It was so much fun to make!! Iâ€™m glad you liked it!', 'So kind bro sub', 'â¤â¤â¤â¤â¤â¤â¤â¤â¤â¤', 'This is so good ğŸ˜ŠğŸ˜Šâ¤â¤', 'Heâ€™s one of my favorite YouTubers.', 'When are you coming to Ghana ğŸ‡¬ğŸ‡­', 'Eimear â¤ğŸ˜…Alex â¤\nğŸ˜…ğŸ˜…', 'Plz give one iphone plz', 'Puedes visitar  colom', 'Mr beast the best o maior do mundo']"
80,s-MsZo02dos,"['I lied', 'Is was 5 sec ğŸ˜‚', 'mfs that counted', 'What hahahah', 'Most useless but funny vids', 'no u didnt', 'Fax', '2 sec', 'Cost: 0.00 dollar', ""It's actually two seconds""]"
81,BIWzS_-WaPg,"['how many could you eat?', 'bro they halal tho?', '100$ convert that to our currency 5k', ""Isn't American nuggets haramğŸ˜®"", 'Were the chicken nuggets halAl?', ""lÃ¼tfen mcdonals cola ve burgerking'in yemekleriniden satÄ±n almayÄ±nÄ±z flistinli Ã§ocuklara Ã¶lÃ¼m olarak gitmektedir saygÄ± duyduÄŸunuz iÃ§in teÅŸekÃ¼rler.ğŸ˜Š"", 'Tareq', 'DO ME CHALLENGE', 'Tareq is the Chad ğŸ—¿ğŸ—¿', 'The best cameraman']"
82,YL1mCanx2lY,"['um you should submit this for us to give you an official record what do u think?', 'The way chis fellğŸ˜‚ğŸ˜‚ğŸ˜‚', 'Bro got rickrolled', 'PuuuuuuuuuuuuuuuuuÃ¼uuuuuuuuuuuuuuuuuuuuuuuuuuuuuush!!!!!!!!!!!!!!!!)', 'ğŸ…ƒğŸ„·ğŸ„°ğŸ„½ğŸ„ºğŸ…‚ ğŸ…ˆğŸ„¾ğŸ…„ á´Ê€.Ê™á´‡á´€sá´›', 'LOLLLL', 'OH MY GOD', '""Mhm.. ok""\nFamous last words', 'Ha ha ha ha ha ha ha ha ha, ha hağŸ˜‚ğŸ˜‚ğŸ˜‚', 'How long did it take to make that']"
83,na3i6hcUo94,"['thank you all for the support iâ€™m so grateful â¤ï¸', 'ğŸ‰ğŸ‰ğŸ‰ğŸ‰ğŸ‰ğŸ‰', 'Congratulations And More Blessings to you, a fan from nigeria', 'Mi sucribeğŸ‰ğŸ‰ğŸ‰ğŸ‰', '@MrBeast2 como hago para tener eso', 'Worlds Richiest man', 'â¤â¤â¤â¤â¤â¤â¤â¤â¤â¤â¤â¤â¤â¤â¤â¤â¤', 'All y either ruby', 'Wow alot awards', ':00']"
84,1CTyGnUh5Qg,"['Subscribe or this will happen to you', 'Lol', 'MR BEASSSSTTTTTTTT!!!!!!!!!!!!', 'Wow', ""He didn't a dollar from this he got 100+ dollars from this short lol"", '*THIS CONTENT IS AGE REGISTERED*', 'ğŸ˜‚', 'We want a remake', 'If this was recorded today then it would get demonetized for nudity', ""Where's that man""]"
85,GDURQl8owKI,"['how many likes can this comment get?', ""â¤â¤â¤ ca a l'air trop bon ğŸ¤©ğŸ’´ğŸ’¸ğŸ¤¤"", 'Bro ate the golden cookie from cookie clicker', '30', 'Ee', 'ğŸ‘ ğŸ‘ ğŸ‘ ğŸ‘ ok', 'Ğ‘ÑƒĞ´ĞµÑˆÑŒ ĞºĞ°ĞºĞ°Ñ‚ÑŒ Ğ·Ğ¾Ğ»Ğ¾Ñ‚Ğ¾Ğ¼', 'Jimmy can make anything happen', 'This is epic', 'â¤â¤â¤']"
86,LIu-ZIbp3jc,"['1 Like = 1 Cookie', '31 jÄ±mmy', ""I'll subscribe if you give me apple products for free"", 'XD', 'AYO WAT THE FU...', 'Brotheragem', 'ğŸ›', 'Ayo naked he', 'Best Mr beast yet lolol', 'Dudes having fun']"
87,e5nlD2LfGd0,"['""it just tastes like water"" - Chandler 2021', 'That was sadly the last time mr beast could say â€œall the boysâ€ ğŸ˜”', 'Es el agua mÃ¡s cara del mundo', 'This is informed waterğŸ˜‚', 'A $600 water in $0,1 cups', 'ğŸ‘ğŸ‘ğŸ‘', 'Water is water ever and forever....', 'water is water', 'â¤ğŸ‰ğŸ˜‚ğŸ˜…ğŸ˜ŠğŸ˜®', 'ğŸ˜ğŸ˜ğŸ˜ğŸ˜ğŸ¥°ğŸ¥°ğŸ¥°']"
88,P4IPJI_j6L4,"['SUBSCRIBE if you would make the shot', 'ğŸ¸', 'We have to give him another chance Jimmy he will succeed ğŸ‰ğŸ‰', '3 ball 3 x', ""Jimmy please come to Kyrgyzstan it's very beautiful here please"", 'Ğ¡Ğ½Ğ¸Ğ¼Ğ¾Ğº Ñ‡ĞµĞ³Ğ¾??', 'Bro imagine if he made it at the 4th shot', 'â¤â¤MrBeastğŸ‡§ğŸ‡©', 'Yeah', '27']"
89,3cxtvDEziXU,"['I dont get it, what am I supposed to do exactly?', 'Pewdiepie are svensk eller', 'Is', 'â¤', 'Is messi the goat yes or no', 'Pew die pieğŸ˜‚\nğŸ‰', 'Iioo', 'Hai', 'Jsj\nğŸ˜Š', 'People in 2024']"
90,LexiKXhmu54,"['Subscribe to MrBeast Shorts & Dream!', 'Bruh so many youtubers commented lol', 'Cool', 'Abi ParamÄ± Ver 25 bin DolarÄ±mÄ± AldÄ±n ğŸ‘ºğŸ‘¹', ':22', 'Hola mister beast cuÃ¡ntos suscriptores tienes', 'ğŸ˜³ğŸ˜³ğŸ¤£ğŸ¤£ğŸ˜³ğŸ˜³', 'Do it to turnner', 'Such a good idea ğŸ’¡ ğŸ¤£ğŸ¤£', 'à¦†à¦®à¦¿ à¦¬à¦¾à¦‚à¦²à¦¾à¦¦à§‡à¦¶ à¦¥à§‡à¦•à§‡ à¦¬à¦²à¦šà¦¿,, ğŸ˜ŠğŸ˜Š']"
91,Mblr3BDxEF0,"['Subscribe to MrBeast Shorts!', 'â¤ğŸ’¯ğŸ”¥', 'Please support palestine', 'ğŸ‘ğŸ‘ğŸ‘ğŸ‘ğŸ¥°', 'Hola quisiera que me ayudenğŸ˜¢', ""I'm the bigest fan ever"", 'ğŸ˜ŠğŸ˜Š', 'ğŸ˜¢', 'La sorpresa es un sueÃ±o', 'N.             .']"
92,UEJ3AFUZcdU,"['SUBSCRIBE this was expensive lol', 'Total please??', 'What did you do with it all?', 'Haahhahahaâ¤', '23', 'Please help', 'DÃ­a #4 pidiÃ©ndole 10 millones de pesos a Mr Beast para poder terminar mi carrera universitaria.', 'Now give it to random children.', 'Man NPCs getting whacked. ğŸ˜…', 'How is that possible?ğŸ˜…']"
93,zO3z9_OfBNw,"['How much money would you make?', 'Why is nik nocturnal doing push ups', 'David goggins', 'Come to Canada.....', 'Jimmy let me make 0 dollar', 'Dang thatâ€™s a lot of', 'Nami looking at Zoro from one piece:ğŸ˜ˆ', 'Thatâ€™s a 2018 CBR650R', '22', 'id make a good 800 and then quit']"
94,5hdTdHuZyPY,"['ğŸ˜‚ i love you funnyğŸ˜‚', '20', 'ğŸ˜…ğŸ˜…ğŸ˜…ğŸ˜…ğŸ˜…ğŸ˜…ğŸ˜…ğŸ˜‚ğŸ˜‚ğŸ˜‚ğŸ˜‚', 'hahahahahahahahahağŸ˜‚', ""I'm subscribe"", ""Karl's yee-haw : _I'm about to end this man's whole career_"", 'Meu deusğŸ˜‚ğŸ˜‚ğŸ˜‚ğŸ˜‚ğŸ˜‚', 'What the ğŸ˜³', 'Itâ€™s to oveis', 'â¤']"
95,fLIvOO-_Gkc,"['Ya cool. â¤', 'ğŸ’”â¤ï¸\u200dğŸ”¥â¤ï¸\u200dğŸ©¹â¤ğŸ˜­', 'â¤â¤ï¸\u200dğŸ”¥ğŸ’”â¤ï¸\u200dğŸ©¹', '19', 'Ow', '!?????', 'ğŸ˜‚ğŸ˜‚ğŸ˜‚ğŸ˜‚ğŸ˜‚ğŸ˜‚ I almost pooped myselfğŸ˜‚ğŸ˜‚ğŸ˜‚ğŸ˜‚ğŸ˜‚ğŸ˜‚ğŸ˜‚', ':(', 'How  dare you it hert', 'Ow ğŸ¤•']"
96,qNEago8XQoY,"['Iâ€™m from the future oooooooo', 'Oh let me get you the arabian  sea â›µğŸŒŠ', 'give away money\n\n*warning a tsunami alert has been issued for your area*', 'True', '18', 'Bro flooded the whole house cause he giving away money', 'What the heck jimmy', 'Øª', 'ğŸ˜®', 'Give away money? sudden flood']"
97,I3-jhBCcQso,"['People who are seeing this in 2023\nğŸ‘‡', 'Hmm chicken is already!', 'Have a chicken\n\nJimmy: almost dies', 'ALRIGHT HAVE A CHICKEN', 'Now thatâ€™s a dumpster fire.', 'jimmy que no a las espaÃ±ol', 'happy diwali', 'Alright. HAVE A CHICKEN!', 'ğŸ˜±ğŸ˜±ğŸ˜±ğŸ˜±\U0001fae2ğŸ˜¶\u200dğŸŒ«ï¸ğŸ˜±ğŸ˜±ğŸ˜±ğŸ˜±ğŸ˜±', 'HAVE A CHICKEN\n-mrbeast6000']"
98,L4bUyTyK46I,"['ğŸ˜‚ğŸ˜‚ğŸ˜‚ğŸ˜‚ğŸ˜‚ğŸ˜‚ğŸ˜‚ğŸ˜‚', '16', 'ğŸ˜‚ğŸ˜‚ğŸ˜‚', 'HA', 'Oh wow lifeâ€™s forever changed thanks Jimmy ğŸ˜¬ dad jokes dadding', 'The smileğŸ˜‚â¤', 'hilarious!', 'ğŸ¤‘ğŸ¯ğŸ‘—ğŸ‘‘\nAileene', 'ğŸ‘¬ğŸ‘¬', 'Your dressing is so much cuteâ¤â¤â¤â¤']"
99,I_9N3YaMT-o,"['ğŸ˜‚ğŸ˜‚ğŸ˜‚ğŸ˜‚', '*cazually closes car door on womans face*', 'Finds a bomb in the car', 'Whenâ€™s my turn ğŸ–ğŸ‘', 'ğŸ‘âœŠğŸ’¸', 'The car that came is actually my favorite car', 'â¤â¤â¤', 'Mr beast the best o maior do mundo', 'Help me', 'FREE PALESTINE FREE PALESTINE FREE PALESTINE FREE PALESTINE FREE PALESTINE FREE PALESTINE FREE PALESTINE FREE PALESTINE FREE PALESTINE FREE PALESTINE FREE PALESTINE FREE PALESTINE FREE PALESTINE FREE Palestine FREE PALESTINE FREE PALESTINE FREE PALESTINE FREE PALESTINE']"
100,TVWcqjScBow,"['Reminded me of Malcom in the middle', 'Why did you do that to Chandler', 'HeyğŸ˜Š', 'Leyend says he still stuck to this day', 'He was a fairy~', 'ğŸ˜…', 'So funnyğŸ˜…ğŸ˜…ğŸ˜…ğŸ˜…ğŸ˜…ğŸ˜…', 'ğŸ¤£ğŸ¤£ğŸ¤£ğŸ¤£ğŸ¤£ğŸ¤£ğŸ¤£ğŸ¤£ğŸ¤£ğŸ¤£ğŸ¤£', 'The first man to float', 'ğŸ•¸']"
101,hG8lvpNx8Oc,"['This guy and 10 grands \n5&6', 'Help me bro ğŸ™ğŸ™ğŸ™ğŸ™', 'ğŸ¥³ğŸ¥³ğŸ¥³ğŸ¥³ğŸ¥³ğŸ¥³ğŸ‰ğŸ‰ğŸ‰ğŸ‰ğŸ‰ğŸ‰', 'ğŸ˜…', 'Quiero una play 4 ğŸ˜¢', 'â¤â¤â¤', '13', 'Brazil', 'Mr Beast', ""Who's that last guy""]"
102,Dx0Da_Y2fBg,"['Ñ‡ĞµĞ½Ğ³Ğ»ĞµÑ€ğŸ˜‚', 'Lmao', 'Lmao ğŸ¤£', 'Mr. Beast is a professional', 'Aammoimaseimakoâ¤â¤', 'No ğŸ˜…', 'wow!', 'Mr beast in your back!!', 'â¤â¤â¤â¤â¤', 'que']"
103,pVQRb9WmtME,"['ğŸ˜‚', 'ğŸ˜‚ğŸ˜‚ğŸ˜‚ğŸ˜‚ğŸ˜‚', 'Bruh the shortest member', 'And r u praying', 'ğŸ˜‚ğŸ˜‚ğŸ˜‚ğŸ˜‚ğŸ˜‚ğŸ˜‚ğŸ˜‚ğŸ˜‚ğŸ˜‚ğŸ˜‚ğŸ˜‚ğŸ˜‚ğŸ˜‚ğŸ˜‚ğŸ˜‚ğŸ˜‚ğŸ˜‚ğŸ˜‚ğŸ˜‚ğŸ˜‚ğŸ˜‚ğŸ˜‚ğŸ˜‚ğŸ˜‚ğŸ˜‚ğŸ˜‚ğŸ˜‚ğŸ˜‚ğŸ˜‚ğŸ˜‚ğŸ˜‚ğŸ˜‚ğŸ˜‚ğŸ˜‚ğŸ˜‚ğŸ˜‚ğŸ˜‚ğŸ˜‚ğŸ˜‚ğŸ˜‚ğŸ˜‚ğŸ˜‚ğŸ˜‚ğŸ˜‚ğŸ˜‚ğŸ˜‚ğŸ˜‚ğŸ˜‚ğŸ˜‚ğŸ˜‚ğŸ˜‚ğŸ˜‚ğŸ˜‚ğŸ˜‚ğŸ˜‚ğŸ˜‚ğŸ˜‚ğŸ˜‚ğŸ˜‚ğŸ˜‚ğŸ˜‚ğŸ˜‚ğŸ˜‚ğŸ˜‚ğŸ˜‚ğŸ˜‚ğŸ˜‚ğŸ˜‚ğŸ˜‚ğŸ˜‚ğŸ˜‚ğŸ˜‚ğŸ˜‚ğŸ˜‚ğŸ˜‚ğŸ˜‚ğŸ˜‚ğŸ˜‚ğŸ˜‚ğŸ˜‚ğŸ˜‚ğŸ˜‚ğŸ˜‚ğŸ˜‚ğŸ˜‚ğŸ˜‚ğŸ˜‚ğŸ˜‚ğŸ˜‚ğŸ˜‚ğŸ˜‚ğŸ˜‚ğŸ˜‚ğŸ˜‚ğŸ˜‚ğŸ˜‚ğŸ˜‚ğŸ˜‚ğŸ˜‚ğŸ˜‚ğŸ˜‚ğŸ˜‚ğŸ˜‚ğŸ˜‚ğŸ˜‚ğŸ˜‚ğŸ˜‚ğŸ˜‚ğŸ˜‚ğŸ˜‚ğŸ˜‚ğŸ˜‚ğŸ˜‚ğŸ˜‚ğŸ˜‚ğŸ˜‚ğŸ˜‚ğŸ˜‚ğŸ˜‚ğŸ˜‚ğŸ˜‚', 'AAAHHH BANANACACAOCO', 'Is that the playground?ğŸ˜‚', 'Bruh', 'Lmfoa, ğŸ¤£ğŸ¤£ğŸ¤£ğŸ¤£ğŸ¤£ğŸ¤£ğŸ¤£ğŸ¤£', 'Haha']"
104,8Vw38cG0kHI,"[""Told him now he's in jail"", 'free Palestine', 'Ø¬ÙŠÙ…ÙŠÙ„ Ù‡Ù„Ø§Ùƒ Ø§Ù„ÙˆÙ„Ø¯ Ù‡Ù„Ø§Ùƒ Ù‡Ù„Ø§Ùƒ Ù‡Ù„Ø§Ùƒ Ø®Ø±Ø¨ Ù…Ù† Ø§Ù„Ø§Ø±Ø¯Ù† Ø®Ù„Ù Ù…Ù† Ø§Ù„Ø§Ø±Ø¯Ù† Ø§Ù„ÙÙ„Ø³Ø·ÙŠÙ†ÙŠÙŠÙ† ÙÙ„Ø³Ø·ÙŠÙ† Ø¹Ù…Ùƒ Øµ Ø®Ø§ØªÙ… Ù…Ù† ÙÙ„Ø³Ø·ÙŠÙ† ØºØ²Ù‡ ØºØ²Ù‡ ØºØ²Ù‡ ØºØ²Ù‡ ØºØ²Ù‡ ØºØ²Ù‡ ØºØ²Ù‡ ØºØ²Ù‡ ØºØ²Ù‡â¤â¤â¤â¤â¤â¤â¤â¤â¤â¤â¤â¤â¤â¤â¤â¤â¤â¤â¤â¤â¤â¤â¤â¤â¤â¤â¤â¤â¤â¤â¤\u2066ğŸ‡µğŸ‡¸\u2069\u2066ğŸ‡µğŸ‡¸\u2069\u2066ğŸ‡µğŸ‡¸\u2069\u2066ğŸ‡µğŸ‡¸\u2069\u2066ğŸ‡µğŸ‡¸\u2069\u2066ğŸ‡µğŸ‡¸\u2069\u2066ğŸ‡µğŸ‡¸\u2069\u2066ğŸ‡µğŸ‡¸\u2069\u2066ğŸ‡µğŸ‡¸\u2069\u2066ğŸ‡µğŸ‡¸\u2069\u2066ğŸ‡µğŸ‡¸\u2069\u2066ğŸ‡µğŸ‡¸\u2069\u2066ğŸ‡µğŸ‡¸\u2069\u2066ğŸ‡µğŸ‡¸\u2069\u2066ğŸ‡µğŸ‡¸\u2069\u2066ğŸ‡µğŸ‡¸\u2069\u2066ğŸ‡µğŸ‡¸\u2069\u2066ğŸ‡µğŸ‡¸\u2069\u2066ğŸ‡µğŸ‡¸\u2069\u2066ğŸ‡µğŸ‡¸\u2069\u2066ğŸ‡µğŸ‡¸\u2069\u2066ğŸ‡µğŸ‡¸\u2069\u2066ğŸ‡µğŸ‡¸\u2069\u2066ğŸ‡µğŸ‡¸\u2069\u2066ğŸ‡µğŸ‡¸\u2069\u2066ğŸ‡µğŸ‡¸\u2069\u2066ğŸ‡µğŸ‡¸\u2069\u2066ğŸ‡µğŸ‡¸\u2069\u2066ğŸ‡µğŸ‡¸\u2069\u2066ğŸ‡µğŸ‡¸\u2069\u2066ğŸ‡µğŸ‡¸\u2069\u2066ğŸ‡µğŸ‡¸\u2069\u2066ğŸ‡µğŸ‡¸\u2069\u2066ğŸ‡µğŸ‡¸\u2069\u2066ğŸ‡µğŸ‡¸\u2069\u2066ğŸ‡µğŸ‡¸\u2069\u2066ğŸ‡µğŸ‡¸\u2069\u2066ğŸ‡µğŸ‡¸\u2069\u2066ğŸ‡µğŸ‡¸\u2069\u2066ğŸ‡µğŸ‡¸\u2069\u2066ğŸ‡µğŸ‡¸\u2069\u2066ğŸ‡µğŸ‡¸\u2069\u2066ğŸ‡µğŸ‡¸\u2069\u2066ğŸ‡µğŸ‡¸\u2069', 'â¤â¤â¤â¤â¤â¤â¤â¤â¤â¤â¤â¤â¤â¤â¤', 'My mom: Wheres your little brother?', 'este es tu ejemplo para los minis baurias? mrbauria.', 'When the boys were boysğŸ—£', 'why does chandler have a kippah/yamakah', 'â¤', 'ğŸ˜ğŸ˜ğŸ˜ğŸ˜ğŸ™ğŸ™ğŸ™ğŸ™ğŸ™ğŸ™ğŸ™ğŸ™ğŸ™ğŸ™ğŸ™ğŸ™ğŸ™ğŸ™ğŸ™ğŸ™ğŸ™ğŸ™']"
105,bmKI7hBhny8,"['â¤â¤â¤â¤â¤â¤', 'plz send me 1cr', 'ğŸ˜¢', 'Anrai47', 'â¤â¤â¤â¤', 'Help me ğŸ™â¤ï¸', 'Ben a PerÃº', 'When you have money you have to think. That some people canot have money  you can help him also ........ğŸ˜Š', 'Help me.', 'Can you please give me some money']"
106,TEF49hVvDy4,"['â¤â¤', '10', '$1,000,000', 'Name all the characters that are in this short.', 'hershes are better', '10', 'Iam', '8', '10', '10']"
107,Gcvaa289etA,"['Hello', 'What?', 'OUCH!', 'Sponsered needs an oscar', 'Bro cares about his shirt more then his body\nYğŸ˜‚', 'Did yâ€™all see Bowser from Sml in the background', 'ğŸ˜ğŸ›«ğŸ›«ğŸ¥ğŸ§ğŸ“ğŸ“Ÿâ›“ï¸ğŸª›ğŸ”¨ğŸ¦¯â¤ï¸ğŸ§¡ğŸ’›ğŸ’šğŸ’™ğŸ’œğŸ¤ğŸ¤ğŸ–¤ğŸ–¤ğŸ–¤', 'ğŸ™‚ğŸ˜‚', 'Ğ—Ğ´ĞµÑÑŒ ĞºÑ€Ğ¸Ñ Ğ½Ğµ Ğ´ĞµĞ²ÑƒÑˆĞºĞ° Ğ¼Ğ°Ğ»Ğ°Ğ´ĞµÑ†', 'ğŸ˜‚']"
108,WS979NH49Kc,"['ğŸ˜¢', 'You blinked ğŸ˜‚', 'he blinked', 'Just wanna say if you have a question of somebodyğŸ˜ğŸ˜˜ğŸ˜˜ğŸ˜˜ğŸ˜˜ğŸ˜˜ğŸ¥°ğŸ¥°ğŸ¥°ğŸ˜ğŸ˜ğŸ˜ğŸ˜ğŸ¤”ğŸ¤”ğŸ¤”ğŸ˜ğŸ¤”ğŸ¤”ğŸ¤”ğŸ§ğŸ§ğŸ§ğŸ§ğŸ’‹ğŸ’‹ğŸ’‹ğŸ’‹ğŸ’‹ğŸ’‹ğŸ’‹ğŸ’‹ğŸ’‹ğŸ’‹ğŸ’‹ğŸ’‹', 'Ha winer', 'Bru', 'He was blinkedğŸ˜‚ğŸ˜‚ğŸ˜‚â¤ğŸ‰ğŸ‰', '7000000000000000t Audi vites much money', 'ğŸ˜‚', 'â¤ğ˜ğ˜¦ğ˜­ğ˜­ğ˜°']"
109,wdznN3-h_5Y,"['Subscribe for more shorts!', 'Wow â¤â¤', ""Free Free Free Palestine insyaallah Allahhuakhbar Allahuakbar Allahuakbar Allahumma sholli ala Sayyidina Muhammad wa'ala alisaidina Muhamad Allahumma sholli ala Sayyidina Muhammad wa'ala alisaidina Muhamad Allahumma sholli ala Sayyidina Muhammad wa'ala alisaidina Muhamad Free Free aminnnnn Aminnnnn free Palestine ğŸ‡²ğŸ‡¾ğŸ‡²ğŸ‡¾ğŸ‡²ğŸ‡¾ğŸ‡²ğŸ‡¾ğŸ‡²ğŸ‡¾ğŸ‡²ğŸ‡¾ğŸ‡²ğŸ‡¾ğŸ‡²ğŸ‡¾ğŸ‡²ğŸ‡¾ğŸ‡²ğŸ‡¾ğŸ‡²ğŸ‡¾ğŸ‡²ğŸ‡¾ğŸ‡²ğŸ‡¾ğŸ‡²ğŸ‡¾ğŸ‡²ğŸ‡¾ğŸ‡²ğŸ‡¾ğŸ‡²ğŸ‡¾ğŸ’šğŸ’šğŸ’šğŸ’šğŸ’šğŸ’šğŸ’šğŸ’šğŸ’šğŸ’šğŸ’šğŸ’šğŸ’šğŸ‡µğŸ‡¸ğŸ‡µğŸ‡¸ğŸ‡µğŸ‡¸ğŸ‡µğŸ‡¸ğŸ‡µğŸ‡¸ğŸ‡µğŸ‡¸ğŸ‡µğŸ‡¸ğŸ‡µğŸ‡¸ğŸ‡µğŸ‡¸ğŸ‡µğŸ‡¸ğŸ‡µğŸ‡¸ğŸ‡µğŸ‡¸ğŸ‡µğŸ‡¸ğŸ‡µğŸ‡¸ğŸ‡µğŸ‡¸ğŸ‡µğŸ‡¸ğŸ‡µğŸ‡¸ğŸ‡µğŸ‡¸ğŸ‡µğŸ‡¸ğŸ‡µğŸ‡¸ğŸ‡µğŸ‡¸ğŸ‡µğŸ‡¸ğŸ‡µğŸ‡¸ğŸ‡µğŸ‡¸ğŸ‡µğŸ‡¸ğŸ‡µğŸ‡¸ğŸ‡µğŸ‡¸"", 'Ù¤Ù  Ø§Ù„Ù Ø¯ÙˆÙ„Ø§Ø± ØªØ­ØªØ±Ù‚ ÙÙŠ Ø§Ù„Ù‡ÙˆØ§Ø¡ ÙÙŠ Ø£Ù‚Ù„ Ù…Ù† Ø¯Ù‚ÙŠÙ‚Ø© ğŸ˜¢', 'the light though', 'Beastenheimer', 'ğŸ‘ğŸ‘ğŸ‘wowğŸ‘ğŸ‘ğŸ‘ğŸ’•ğŸ’•', 'That was 8000 Hamburger ğŸ‰ You burn it all!', 'Mr.beast is responsible for climate change ğŸ¥¸', 'Ok sir']"
110,h-EL3eeSZeU,"['â¤â¤â¤â¤â¤â¤â¤â¤â¤â¤â¤â¤', 'Chandler es como yo xd Con comida se alegra el dÃ­a ğŸ˜‚ â¤', 'â¤â¤ğŸ‘‹ğŸ‘', 'In his heart of hearts you could tell cheese balls were everything he ever wanted all along ğŸ˜‚', 'ê‚µêŒšê‹–êŒ…ê‹°êˆ¼ê²ê‹Š â¤â¤â¤â¤â¤â¤', 'Cool', 'Chandler no pleaseğŸ˜¢', 'This is so nostalgic.ğŸ’”ğŸ˜­â¤ï¸\u200dğŸ©¹', 'Why is this nostalgic', 'How realistic']"
111,RBB9GSMkLHc,"['ez win now subscribe', 'TieğŸ˜…', 'Draw', 'Tie', 'Tieeeee', ""You it didn't win it was tie"", 'tie', 'Omg how', 'It was a tie', 'Tie']"
112,xdmuHe_ZDIw,"['â¤â¤', 'ğŸ¥³ğŸ‘Œ', 'âœŒï¸ğŸ‘ŒğŸ‘ŒğŸ˜±ğŸ˜±ğŸ¤—', 'Ğ§Ğ›Ğ•Ğ ĞŸĞ˜Ğ¡Ğ¯ ĞšĞĞšĞ', 'Whoppers are my fav candy ğŸ˜‹', 'Ù‡Ù‡Ù‡Ù‡Ù‡Ù‡Ù‡ Ù‡Ù‡Ù‡Ù‡Ù‡Ù‡ Ù‡Ù‡Ù‡Ù‡Ù‡ â¤ï¸â¤ï¸â¤ï¸â¤ï¸â¤ï¸â¤ï¸â¤ï¸â¤ï¸', 'WoW))', 'Hey', 'He threw a lot of candy down there', 'ğŸ˜‚ğŸ˜‚ğŸ˜‚ğŸ˜‚ğŸ˜‚ğŸ˜‚ğŸ˜‚ğŸ˜‚ğŸ˜‚ğŸ˜‚ğŸ˜‚ğŸ˜‚ğŸ˜‚ğŸ˜‚ğŸ˜‚ğŸ˜‚ğŸ˜‚ğŸ˜‚ğŸ˜‚ğŸ˜‚ğŸ˜‚ğŸ˜‚ğŸ˜‚ğŸ˜‚ğŸ˜‚ğŸ˜‚ğŸ˜‚ğŸ˜‚ğŸ˜‚ğŸ˜‚ğŸ˜‚ğŸ˜‚ğŸ˜®ğŸ˜‚ğŸ˜‚ğŸ˜‚']"
113,fZDUxJ-7Y4A,"['Corruption is the answer lol the way America was built', 'imagine if that link was a rickroll', 'Wow tanta plata ğŸ˜¿ y PerÃº hasta las patas', 'ğŸ‘ŒğŸ‘ŒğŸ‘Œ', 'ğŸ‘ğŸ‘ğŸ‘ğŸ‘ğŸ‘â¤', 'Did this ever get solved?', 'a', 'a', 'Cookies from the Grand Canyon?', 'Buy me a iPhone  pls']"
