,video_id,channelTitle,title,description,tags,publishedAt,viewCount,likeCount,favouriteCount,commentCount,duration,definition,caption
0,RKT7xqPDy74,MrBeast 2,"I Asked Mark Cuban For $1,000,000",,,2023-10-22T17:00:00Z,13735868,990258,,3927,PT19S,hd,false
1,SHOV58tdNiI,MrBeast 2,Miranda Cosgrove Said What?,,,2023-10-15T17:00:00Z,57338629,3562307,,21805,PT15S,hd,false
2,SGzWIoLAzmY,MrBeast 2,"Feeding A Cat $10 Vs $10,000 Sushi",,,2023-08-31T17:00:00Z,145417200,7194440,,16227,PT31S,hd,false
3,sHX6pzhdCP0,MrBeast 2,"$30,000 Relay Race","Play Stumble Guys Now!:

https://stumbleguys.onelink.me/Zh4x/MrBeastYTShorts",,2023-08-13T17:20:26Z,6501124,471223,,2527,PT42S,hd,false
4,ykRq_rp7NhM,MrBeast 2,I Got Naruto to Subscribe to Me,,,2023-05-20T20:00:00Z,127882331,6737523,,15606,PT20S,hd,true
5,9fNNhWH-P2E,MrBeast 2,I Made An Egg Sandwich With @BayashiTV_,,,2023-05-13T17:00:00Z,139664313,7125079,,28585,PT41S,hd,false
6,on94ouT1TQI,MrBeast 2,"Solve this Mystery, Win a Lamborghini",,,2023-04-07T20:00:02Z,191879967,10242079,,18420,PT1M,hd,false
7,sHdOH5VTkCg,MrBeast 2,I Sent Karl To The Moon,lol no way,,2023-04-07T17:37:57Z,115563795,5525660,,28733,PT1M,hd,false
8,j3-38Dh-83w,MrBeast 2,Can You Solve This Mystery in Paris?,"Imagine trading dinner for a Mystery Date and ending up on the RED CARPET with Adam Sandler and Jennifer Aniston. Watch Murder Mystery 2 only on @Netflix March 31st!
netflix.com/murdermystery2",,2023-04-03T20:00:00Z,70780409,4263586,,5997,PT1M,hd,false
9,NPYPXWJBTWM,MrBeast 2,"$10,000 Girl Scout Cookies",,,2023-03-11T17:00:47Z,334334553,9837328,,14829,PT23S,hd,false
10,mRE0AXwFL3Y,MrBeast 2,Sigma x Beast,,,2023-03-01T21:00:18Z,30193620,1641596,,8931,PT13S,hd,false
11,wWoTXm9rBzo,MrBeast 2,$100 to Skydive,"SHOP FEASTABLES AT:

https://feastables.com/",,2023-02-03T21:00:20Z,129213431,7716363,,13364,PT44S,hd,false
12,9uNTBYDa8q8,MrBeast 2,I Met the Real MrBeast,I'm MrBest,,2023-01-18T21:00:09Z,88955271,3751735,,34012,PT8S,hd,false
13,tRqLAXTVoZw,MrBeast 2,Water Bottle Flip Challenge,water bottle flip challenge except with money,,2023-01-08T21:00:13Z,50904918,3091477,,5096,PT40S,hd,false
14,lbqfjEp_XWs,MrBeast 2,Will You Bring Me Back A Present From Santa?,I met the real Santa Claus!!!,,2023-01-05T21:00:30Z,63757863,3564757,,6968,PT44S,hd,false
15,0kQKIMMiObs,MrBeast 2,"$10,000 Last Man Standing Challenge","the floor is lava lol!

try the game now! https://bit.ly/MrBeastxDKO",,2022-12-14T23:39:50Z,12766383,746781,,3644,PT54S,hd,false
16,W3t7RWXRSLs,MrBeast 2,"$50,000 Rock, Paper, Scissors Tournament","I'm hosting a Rock, Paper, Scissors Tournament for $50,000

SUBSCRIBE OR I TAKE YOUR DOG
‚ïî‚ïê‚ï¶‚ïó‚ïî‚ï¶‚ïó‚ïî‚ïê‚ï¶‚ïê‚ï¶‚ï¶‚ï¶‚ï¶‚ïó‚ïî‚ïê‚ïó
‚ïë‚ïö‚ï£‚ïë‚ïë‚ïë‚ïö‚ï£‚ïö‚ï£‚ïî‚ï£‚ïî‚ï£‚ïë‚ïö‚ï£‚ïê‚ï£ 
‚ï†‚ïó‚ïë‚ïö‚ïù‚ïë‚ïë‚ï†‚ïó‚ïë‚ïö‚ï£‚ïë‚ïë‚ïë‚ïë‚ïë‚ïê‚ï£
‚ïö‚ïê‚ï©‚ïê‚ïê‚ï©‚ïê‚ï©‚ïê‚ï©‚ïê‚ï©‚ïù‚ïö‚ï©‚ïê‚ï©‚ïê‚ïù

New Merch - https://mrbeast.store/

For any questions or inquiries regarding this video please reach out to chucky@mrbeastbusiness.com

----------------------------------------------------------------
follow all of these or i will kick you
‚Ä¢ Facebook - https://www.facebook.com/MrBeast6000/
‚Ä¢ Twitter - https://twitter.com/MrBeast
‚Ä¢  Instagram - https://www.instagram.com/mrbeast
‚Ä¢  Official Merch  - https://www.shopmrbeast.com/
‚Ä¢  I'm Hiring! - https://www.mrbeastjobs.com/
--------------------------------------------------------------------",,2022-12-11T20:27:49Z,6771188,232472,,6326,PT50M2S,hd,false
17,jnyGfof7Lvs,MrBeast 2,Spreading ‚ù§Ô∏è in Paris!,Where should I go next?,,2022-12-01T16:41:05Z,123967299,5071793,,23180,PT34S,hd,false
18,_ljhBopSEVI,MrBeast 2,"I Opened 1,000 Packages","I'm opening the packages that you sent me!

#fromyoutubetoyou 

SUBSCRIBE OR I TAKE YOUR DOG
‚ïî‚ïê‚ï¶‚ïó‚ïî‚ï¶‚ïó‚ïî‚ïê‚ï¶‚ïê‚ï¶‚ï¶‚ï¶‚ï¶‚ïó‚ïî‚ïê‚ïó
‚ïë‚ïö‚ï£‚ïë‚ïë‚ïë‚ïö‚ï£‚ïö‚ï£‚ïî‚ï£‚ïî‚ï£‚ïë‚ïö‚ï£‚ïê‚ï£ 
‚ï†‚ïó‚ïë‚ïö‚ïù‚ïë‚ïë‚ï†‚ïó‚ïë‚ïö‚ï£‚ïë‚ïë‚ïë‚ïë‚ïë‚ïê‚ï£
‚ïö‚ïê‚ï©‚ïê‚ïê‚ï©‚ïê‚ï©‚ïê‚ï©‚ïê‚ï©‚ïù‚ïö‚ï©‚ïê‚ï©‚ïê‚ïù

New Merch - https://mrbeast.store/

For any questions or inquiries regarding this video please reach out to chucky@mrbeastbusiness.com

----------------------------------------------------------------
follow all of these or i will kick you
‚Ä¢ Facebook - https://www.facebook.com/MrBeast6000/
‚Ä¢ Twitter - https://twitter.com/MrBeast
‚Ä¢  Instagram - https://www.instagram.com/mrbeast
‚Ä¢  Official Merch  - https://www.shopmrbeast.com/
‚Ä¢  I'm Hiring! - https://www.mrbeastjobs.com/
--------------------------------------------------------------------",,2022-11-18T18:37:11Z,7742602,248925,,8022,PT55M13S,hd,false
19,bl-bNgiy13Q,MrBeast 2,MrBeast 2 Live Stream,,,2022-11-18T16:26:06Z,0,48,,0,P0D,sd,false
20,lZIlFyzeZig,MrBeast 2,World's Most Expensive Burger!,,,2022-11-14T21:19:03Z,57185244,2795861,,4505,PT24S,hd,false
21,UPhxU9J46Qk,MrBeast 2,Where Chocolate REALLY Comes From,GO GET OUR NEW CHOCOLATE AT WALMART,,2022-09-17T20:00:06Z,81703045,3478914,,5533,PT25S,hd,false
22,Lr9O6b6jBlc,MrBeast 2,People Are Running To Walmart For This...,"EVERY SINGLE WALMART IN THE USA NOW SELLS FEASTABLES! Go try it! Also Text 69420 for future feastables updates :)


SUBSCRIBE OR I TAKE YOUR DOG
‚ïî‚ïê‚ï¶‚ïó‚ïî‚ï¶‚ïó‚ïî‚ïê‚ï¶‚ïê‚ï¶‚ï¶‚ï¶‚ï¶‚ïó‚ïî‚ïê‚ïó
‚ïë‚ïö‚ï£‚ïë‚ïë‚ïë‚ïö‚ï£‚ïö‚ï£‚ïî‚ï£‚ïî‚ï£‚ïë‚ïö‚ï£‚ïê‚ï£ 
‚ï†‚ïó‚ïë‚ïö‚ïù‚ïë‚ïë‚ï†‚ïó‚ïë‚ïö‚ï£‚ïë‚ïë‚ïë‚ïë‚ïë‚ïê‚ï£
‚ïö‚ïê‚ï©‚ïê‚ïê‚ï©‚ïê‚ï©‚ïê‚ï©‚ïê‚ï©‚ïù‚ïö‚ï©‚ïê‚ï©‚ïê‚ïù

New Merch - https://mrbeast.store/

For any questions or inquiries regarding this video please reach out to chucky@mrbeastbusiness.com

----------------------------------------------------------------
follow all of these or i will kick you
‚Ä¢ Facebook - https://www.facebook.com/MrBeast6000/
‚Ä¢ Twitter - https://twitter.com/MrBeast
‚Ä¢  Instagram - https://www.instagram.com/mrbeast
‚Ä¢  Official Merch  - https://www.shopmrbeast.com/
‚Ä¢  I'm Hiring! - https://www.mrbeastjobs.com/
--------------------------------------------------------------------",,2022-09-16T23:00:27Z,14875561,417658,,14353,PT3M22S,hd,false
23,Y-vLayu1NWs,MrBeast 2,"First Person Who Buys My Chocolate Wins $10,000",i hope his grandma likes our new cookies,,2022-09-16T21:30:04Z,88337375,4614531,,12267,PT31S,hd,false
24,57AoEm66EZM,MrBeast 2,"Giving Strangers $10,000 If They Watch My Money",i would've taken it lol,,2022-09-13T20:00:01Z,88971671,5147225,,12594,PT44S,hd,false
25,EniZMIlfqk0,MrBeast 2,Would You Buy This MrBeast Mystery Box?,sold an inexpensive mystery box with @JimmyDarts  :),,2022-09-10T20:00:07Z,47244262,3688789,,9308,PT45S,hd,false
26,5Qb-uKhSw4Y,MrBeast 2,"Would You Take $1000 Or Give $10,000?",so fun helping people with @JimmyDarts they were all so nice ü•∫,,2022-09-03T20:00:02Z,33824202,2317175,,8626,PT56S,hd,false
27,Uov121gdBho,MrBeast 2,Does Size Matter?,lol it's so big,,2022-09-01T20:00:06Z,63526461,2363913,,7459,PT40S,hd,false
28,0nS_yE49vDI,MrBeast 2,World's Most Dangerous Fruit,i was thinking about risking it all,,2022-08-23T20:00:00Z,140001450,6437889,,11236,PT36S,hd,false
29,ieKAhG_gdCw,MrBeast 2,How To Work For MrBeast,"If you're interested in working with us, check out the links below to apply!

Senior Producer 
https://grnh.se/1aa1bc6d4us

Lead Content Strategist (Producer/Writer) 
https://grnh.se/e758ea404us

All other jobs can be viewed here! 
https://www.mrbeastjobs.com/

New Merch - https://mrbeast.store/

For any questions or inquiries regarding this video please reach out to chucky@mrbeastbusiness.com",,2022-08-18T20:57:04Z,10403608,555536,,17555,PT1M6S,hd,false
30,1Y1Kcfog3KU,MrBeast 2,I Made a Number One Hit Song,lol mom i made it,,2022-08-13T15:00:02Z,38593659,2228591,,6107,PT31S,hd,false
31,er5LLR2oCmg,MrBeast 2,100 Million Subscriber Livestream!,"SUBSCRIBE OR I TAKE YOUR DOG

‚ïî‚ïê‚ï¶‚ïó‚ïî‚ï¶‚ïó‚ïî‚ïê‚ï¶‚ïê‚ï¶‚ï¶‚ï¶‚ï¶‚ïó‚ïî‚ïê‚ïó
‚ïë‚ïö‚ï£‚ïë‚ïë‚ïë‚ïö‚ï£‚ïö‚ï£‚ïî‚ï£‚ïî‚ï£‚ïë‚ïö‚ï£‚ïê‚ï£ 
‚ï†‚ïó‚ïë‚ïö‚ïù‚ïë‚ïë‚ï†‚ïó‚ïë‚ïö‚ï£‚ïë‚ïë‚ïë‚ïë‚ïë‚ïê‚ï£
‚ïö‚ïê‚ï©‚ïê‚ïê‚ï©‚ïê‚ï©‚ïê‚ï©‚ïê‚ï©‚ïù‚ïö‚ï©‚ïê‚ï©‚ïê‚ïù

New Merch - https://mrbeast.store/

For any questions or inquiries regarding this video please reach out to chucky@mrbeastbusiness.com

----------------------------------------------------------------
follow all of these or i will kick you
‚Ä¢ TikTok - https://www.tiktok.com/@mrbeast
‚Ä¢ Twitter - https://twitter.com/MrBeast
‚Ä¢ Instagram - https://www.instagram.com/mrbeast
‚Ä¢ Facebook - https://www.facebook.com/MrBeast6000/
‚Ä¢ Official Merch  - https://www.shopmrbeast.com/
‚Ä¢ Beast Philanthropy - https://www.beastphilanthropy.org/

Text me @ +1 (917) 259-6364
I'm Hiring! - https://www.mrbeastjobs.com/
Order a beast burger üçî -  https://mrbeastburger.com
Chocolate üç´ Win a Tesla or be in a MrBeast video - Buy now ‚ñ∏ https://feastables.com",,2022-07-28T21:23:28Z,15186971,848520,,44618,PT28M36S,hd,false
32,PIIDWkxdcXY,MrBeast 2,Click If You Like Toast,,,2022-07-12T18:37:45Z,23554385,1313291,,7187,PT14S,hd,false
33,48aPpt02360,MrBeast 2,Gordon Ramsay Makes Karl An Idiot Sandwich,YES CHEF,,2022-07-06T20:27:48Z,49393153,2691868,,5691,PT20S,hd,false
34,PQvsFHXmQcI,MrBeast 2,Ryan Trahan Delivered Me A Penny,,,2022-07-02T19:39:55Z,25035194,1545925,,4652,PT22S,hd,false
35,T4MLZQkelkI,MrBeast 2,I Surprised Subscribers Inside My Gumball Machine #ShortsxMrBeast #YouTubePartner,I took over my machine from the inside ...,,2022-06-27T20:24:30Z,86856888,3539638,,8356,PT48S,hd,false
36,1C8G1U-82F0,MrBeast 2,I Built A 40 Foot Tall Gumball Machine #ShortsxMrBeast #YouTubePartner,The gumballs expired so we filled them with prizes #shorts,,2022-06-26T18:16:16Z,20568054,1016883,,4252,PT21S,hd,false
37,-JuvzZ0I1I8,MrBeast 2,Cashiers When MrBeast Buys The Whole Store,i thought this was funny #shorts,,2022-06-21T20:15:21Z,28113450,1622170,,8526,PT10S,hd,false
38,kTg4kBRz3t4,MrBeast 2,World's Best Eater vs Normal Person,I cant believe how many marshmallows he can eat lol #shorts,,2022-06-16T19:00:15Z,36430107,2014693,,5404,PT1M,hd,false
39,kiJcFJhUTu8,MrBeast 2,#MrBeastShortsGiveaway  | I Will Fly You to VidCon,SHARE SOME CANDY #shorts,,2022-05-25T15:02:04Z,17781314,877122,,6069,PT27S,hd,false
40,YvPxFOwpYYg,MrBeast 2,Sneak Peak Of My Chocolate Factory,who you pushing into the chocolate river??,['mrbeast'],2022-05-23T22:43:25Z,19963340,1006484,,9457,PT17S,hd,false
41,3HjlcChckdw,MrBeast 2,I Used A REAL Lightsaber,#shorts,,2022-05-20T20:00:15Z,12034878,490307,,2761,PT11S,hd,false
42,Nx9Odqg4Fe0,MrBeast 2,Only Click This If You're Elon Musk,no takesie backsie #shorts,,2022-05-18T20:00:11Z,24690335,1589863,,19119,PT7S,hd,false
43,cK55SlddSo4,MrBeast 2,POV: You See MrBeast In Public,#shorts,,2022-04-22T19:00:21Z,35911175,1636929,,13312,PT8S,hd,false
44,AAuRnIqXjpE,MrBeast 2,I STOLE The Bad Guys Movie,Here‚Äôs the link before The Bad Guys take it down: https://youtu.be/aLjplzWDGp8 #ad #TheBadguys #shorts,,2022-04-19T20:59:56Z,35374862,1276904,,10591,PT14S,hd,false
45,nsbHrMXdu3o,MrBeast 2,POV: You‚Äôre Sitting On My Lap,,,2022-04-18T19:00:14Z,4778004,260175,,4721,PT11S,hd,false
46,sse_kKOa_4k,MrBeast 2,Baby Throwing Contest,,,2022-04-17T19:00:13Z,9185363,472886,,5971,PT19S,hd,false
47,7NTznJOVIy0,MrBeast 2,Bella Poarch and Mark Rober Dolls I Made,,,2022-04-16T19:00:01Z,9979560,365396,,2035,PT12S,hd,false
48,oFkDadO1qd0,MrBeast 2,When You Hear About Fortnite Zero Build,Me and the boys are excited that Fortnite Zero Build is here to stay #EpicPartner #FortniteZeroBuild #Shorts,,2022-04-14T19:00:30Z,13262739,645943,,4250,PT24S,hd,false
49,7bKoK8WCMz8,MrBeast 2,"$10,000 Every Day You Live Here",You could watch Shrek a lot #shorts,,2022-04-13T19:00:02Z,9691253,484604,,62434,PT10S,sd,false
50,d5Iq_0_DNiE,MrBeast 2,MrBeast Called 911,the mona lisa drawing was epic #shorts,,2022-04-05T19:33:51Z,143008040,5750455,,19628,PT45S,hd,false
51,laaYk9lE0O4,MrBeast 2,How NOT To Make A Sandwich,oops #shorts,,2022-03-23T19:00:16Z,27132954,1363407,,7655,PT18S,hd,false
52,AYMuPowoHcY,MrBeast 2,We Fixed The MrBeast Logo,,,2022-02-14T17:21:40Z,59683305,3284191,,25112,PT32S,hd,false
53,s5A8cO56wuU,MrBeast 2,"If I Catch Zach King, I Win A Lambo",,,2022-02-11T15:40:37Z,65214112,3733624,,16812,PT34S,hd,false
54,USNQnhx1QX0,MrBeast 2,Entering my Villian Arc,,,2022-02-09T18:35:30Z,29867687,2276220,,14291,PT55S,hd,false
55,_y0-HZPxkBU,MrBeast 2,I Made A Chocolate Bar üç´,,,2022-01-29T21:02:36Z,10551008,566314,,7472,PT22S,hd,false
56,y_k0vsyGyzY,MrBeast 2,Who Will Win Creator Games 3?,,,2021-12-18T21:05:27Z,8752875,453346,,2111,PT18S,hd,false
57,Adt1X-SdsS0,MrBeast 2,Selling $35 Mystery Lamborghinis,"go check out https://everyonegetsacar.com

hope u enjoyed the livestream :-)",,2021-11-23T19:28:06Z,7950879,391884,,3086,PT30S,hd,false
58,snwe2C5Dvoo,MrBeast 2,Squid Game Behind The Scenes,"coming soon
#shorts",,2021-11-21T21:14:28Z,13065307,630621,,6623,PT14S,hd,false
59,iqn4vWySmF0,MrBeast 2,We Cleaned The Beach #shorts #unfckitchallenge #TeamSeas,,,2021-11-08T19:54:43Z,6959943,414015,,3549,PT12S,hd,false
60,DMP-uU2988Q,MrBeast 2,Help Us Save The Ocean,Help us reach our goal! go to https://teamseas.org to donate and spread the word. #shorts,,2021-10-29T20:06:47Z,5995259,466133,,4817,PT46S,hd,false
61,KbYrEtuHIZ4,MrBeast 2,I'm Stuck In a Bank Vault,Not sure how I got in here lol #shorts,,2021-09-28T21:01:52Z,11387689,720028,,11478,PT18S,hd,false
62,ka7-lnvkHcE,MrBeast 2,Weirdest Pizza Delivery,he forgot the bread sticks #shorts,,2021-09-25T21:00:06Z,16790310,863339,,7665,PT16S,hd,false
63,RS9jRyYFFQM,MrBeast 2,POV: You Enter The Elevator,ill just take the next one #shorts,,2021-09-22T16:05:05Z,208588414,7954443,,42677,PT10S,hd,false
64,3C-H-3GKmSo,MrBeast 2,Nice,hahaha funny number #shorts,,2021-09-17T16:04:19Z,13582872,833887,,11263,PT7S,hd,false
65,ayoqtcyNurM,MrBeast 2,When They Don't Have Chicken Nuggets,Every restaurant should have chicken nuggets #shorts,,2021-09-15T20:29:58Z,44770349,2886537,,24573,PT27S,hd,false
66,VdGUsA6TRAY,MrBeast 2,We Started A Band!,See you on tour! #shorts,,2021-09-01T20:25:24Z,12433027,627902,,3973,PT8S,hd,false
67,_icWbXT3iq0,MrBeast 2,"$10,000 If They Say The Same Word",What is your favorite word? #shorts,,2021-07-30T20:00:09Z,22217559,584780,,4158,PT16S,hd,false
68,NhkzQ2sKRLw,MrBeast 2,Bad Day? Click Here,Nolan really isn't good at bowling lol #shorts,,2021-07-27T17:00:23Z,20416295,1028709,,11148,PT11S,hd,false
69,6NUAfYJTb9U,MrBeast 2,Finding The Perfect Spongebob Popsicle,subscribe to find the perfect spongebob popsicle #shorts,,2021-07-18T20:00:03Z,45515917,1487298,,10950,PT18S,hd,false
70,-St6ViJcE0M,MrBeast 2,Ping Pong Toss Challenge!,SUBSCRIBE if you want to be apart of a challenge! #shorts,,2021-07-14T20:00:02Z,12720443,681206,,3198,PT33S,hd,false
71,D2Nja7c_d6k,MrBeast 2,Insane Balloon Challenge!,Tareq literally cheated lol #shorts,,2021-07-01T20:01:56Z,19482087,1212054,,5177,PT31S,hd,false
72,WRxGptfonDI,MrBeast 2,I Filled a Room With 1000 Balloons!,SUBSCRIBE if you want to pop them! #shorts,,2021-06-22T20:00:02Z,16393637,822964,,4559,PT15S,hd,false
73,0VDIibxorIE,MrBeast 2,100 Pin Bowling Challenge üé≥,free cookie if you get a strike #shorts,,2021-06-20T20:00:04Z,33690440,1481606,,4484,PT28S,hd,false
74,ZCVj0ZSd7Ps,MrBeast 2,Fruit Ninja In Real Life,Who‚Äôs the best ninja? #shorts,,2021-06-08T20:00:01Z,45483031,2326857,,14297,PT34S,hd,false
75,YOQmn0kMVz0,MrBeast 2,"Spending $10,000,000 In 60 Seconds",I'm only getting started #shorts,,2021-06-06T20:00:16Z,7032467,418135,,10115,PT59S,hd,false
76,_Oegfdw2Ucs,MrBeast 2,World's Largest Gummy Worm,why did i buy this #shorts,,2021-05-18T20:00:17Z,21380069,943338,,7705,PT26S,hd,false
77,CC5lNpxVC64,MrBeast 2,"$10,000 If He Rolls A 7",SUBSCRIBE #shorts,,2021-05-12T20:00:01Z,43085314,1908265,,5619,PT22S,hd,false
78,gMjpG-vQkpQ,MrBeast 2,Only Dream Can Comment On This Video,I wonder if he will comment #shorts,,2021-05-09T20:00:08Z,54890874,2718738,,0,PT12S,hd,false
79,bKqVcHWhO4Q,MrBeast 2,Buying All My Merch,See if your local Zumiez carries my merch : https://shopmrbeast.com/pages/mrbeast-x-zumiez #shorts,,2021-05-04T20:00:01Z,6744584,381465,,7235,PT48S,hd,false
80,Dgu_j0vV0rk,MrBeast 2,"My 50,000,000 SUBSCRIBER PLAY BUTTON!",Check out Daniel's channel : https://www.youtube.com/channel/UCojEXrCBzO-cP2N5YlRcrWw #shorts,,2021-05-02T19:00:02Z,37151408,2230577,,15636,PT23S,hd,false
81,s-MsZo02dos,MrBeast 2,This Video Is 3 Seconds,subscribe for a üç™ #shorts,,2021-04-25T20:00:18Z,12412976,764815,,47879,PT3S,hd,false
82,BIWzS_-WaPg,MrBeast 2,$100 For Every Chicken Nugget,how many would you eat? #shorts,,2021-04-20T20:00:02Z,82529259,3552748,,22004,PT43S,hd,false
83,YL1mCanx2lY,MrBeast 2,World‚Äôs Largest Cup Tower,I had my friend build and glue a bunch of cups just so i could push chris into them lol #shorts,,2021-04-18T20:01:07Z,72030787,3547316,,21809,PT30S,hd,false
84,na3i6hcUo94,MrBeast 2,All My YouTube Play Buttons,subscribe and help me get the diamond play button! #shorts,,2021-04-13T20:00:03Z,69936523,3465223,,29087,PT20S,hd,false
85,1CTyGnUh5Qg,MrBeast 2,I Am The World‚Äôs Greatest Magician,subscribe or else #shorts,,2021-04-08T20:00:02Z,28199980,1268521,,13006,PT13S,hd,false
86,GDURQl8owKI,MrBeast 2,I Ate A $1000 Golden Cookie,"I have 7 cookies left, subscribe and ill send you one #shorts",,2021-03-20T20:22:22Z,23517231,931084,,12997,PT20S,hd,false
87,LIu-ZIbp3jc,MrBeast 2,World's Best Bathroom Gaming Setup,hahaha #shorts,,2021-03-12T21:00:03Z,108079768,3483000,,31400,PT11S,hd,false
88,e5nlD2LfGd0,MrBeast 2,World's Most Expensive Water Bottle,watch chandlers reaction at the end hahaha #shorts,,2021-03-04T21:03:30Z,141400943,6651788,,31245,PT29S,hd,false
89,P4IPJI_j6L4,MrBeast 2,"$10,000 If He Makes This Shot",Subscribe for a free cookie #shorts,,2021-02-28T21:02:18Z,46808424,2432480,,9630,PT32S,hd,false
90,3cxtvDEziXU,MrBeast 2,PewDiePie Comment On This Video,please tell pewds to comment on this! #shorts SUBSCRIBE!,,2021-02-25T21:00:01Z,43696710,2179360,,144897,PT16S,hd,false
91,LexiKXhmu54,MrBeast 2,Prank Calling Dream,"Subscribe to MrBeast Shorts NOW! plz #shorts
also subscribe to Dream! :)",,2021-02-19T21:00:02Z,66001668,3159796,,27735,PT33S,hd,false
92,Mblr3BDxEF0,MrBeast 2,"If I Give Away $10,000 The Video Ends",what would you do? SUBSCRIBE! #shorts #vertical,,2021-02-05T21:00:01Z,61562974,3272863,,21763,PT39S,hd,false
93,UEJ3AFUZcdU,MrBeast 2,I Bought Everything In A GameStop #Shorts,"I actually did this when i bought everything in 5 stores. #shorts #vertical


Original Video:
I Bought Everything In 5 Stores
https://www.youtube.com/watch?v=5Fg9oZk-5uA",,2021-01-30T21:30:12Z,26866532,1340813,,18368,PT27S,hd,false
94,zO3z9_OfBNw,MrBeast 2,$100 For Every Push-up,How much money would you make? SUBSCRIBE! #Shorts,,2021-01-26T22:39:07Z,31494929,1334797,,18296,PT42S,hd,false
95,5hdTdHuZyPY,MrBeast 2,Trapping Karl #Shorts,#shorts,,2020-11-17T20:10:00Z,22411765,1065766,,9696,PT10S,hd,false
96,fLIvOO-_Gkc,MrBeast 2,I Threw My Recording Phone Into A Ceiling Fan,"I Threw My Phone Into A Ceiling Fan (epic footage)
#shorts",,2020-11-14T19:08:00Z,11669167,532938,,11193,PT8S,hd,false
97,qNEago8XQoY,MrBeast 2,"This is funny, I promise!",#Shorts,,2020-11-13T16:04:00Z,23700798,843299,,28290,PT16S,hd,false
98,I3-jhBCcQso,MrBeast 2,I Put A Firework Under A Trashcan,Epic #shorts,,2020-09-26T13:15:01Z,5538013,232973,,10702,PT15S,hd,false
99,L4bUyTyK46I,MrBeast 2,The Funniest Joke You Will Ever Hear In Your Life,We the big funny #shorts,,2020-09-25T13:15:04Z,8540472,440796,,9728,PT8S,hd,false
100,I_9N3YaMT-o,MrBeast 2,Giving A Random Person A Car For No Reason,It literally took 10 seconds to give this away lol #shorts,,2020-09-24T14:12:04Z,29959686,1730213,,15480,PT43S,hd,false
101,TVWcqjScBow,MrBeast 2,I Duct Taped Chandler To A Wall,"#Shorts

Help!",,2020-09-20T13:15:06Z,26223861,1264126,,10851,PT10S,hd,false
102,hG8lvpNx8Oc,MrBeast 2,"$10,000 Challenge","Phew, I saved $10,000.  #Shorts",,2020-09-19T13:15:05Z,54720838,2464903,,10252,PT43S,hd,false
103,Dx0Da_Y2fBg,MrBeast 2,I Am The World‚Äôs Greatest Samurai,#Shorts The title is total not a joke,,2020-09-18T13:15:01Z,358770038,11024531,,59457,PT11S,hd,false
104,pVQRb9WmtME,MrBeast 2,I FOUND BIG FOOT IN THE WOODS!,"Subscribe and I‚Äôll buy a skittle in your honor!







#Shorts",,2020-09-17T13:15:07Z,6782140,374194,,8401,PT10S,hd,false
105,8Vw38cG0kHI,MrBeast 2,Baby Throwing Contest,"Subscribe and I‚Äôll invite you next time lol

#Shorts",,2020-09-16T13:15:00Z,13560139,582804,,20329,PT22S,hd,false
106,bmKI7hBhny8,MrBeast 2,I Filled A Swimming Pool With Money!,"Subscribe and I‚Äôll buy a skittle in your honor!

#Shorts",,2020-09-15T13:15:04Z,47688356,2767472,,37657,PT33S,hd,false
107,TEF49hVvDy4,MrBeast 2,"Guess the Number and Win $1,000,000 #Shorts","No Joke.. If my boys pick the right number, I will give them $1,000,000.. subscribe for more videos!

#Shorts",,2020-09-14T13:20:44Z,26511511,1196636,,16197,PT33S,hd,false
108,Gcvaa289etA,MrBeast 2,Watch Out!,"Ha ha Karl got hit.. subscribe for more videos!

#Shorts",,2020-09-13T14:15:01Z,91089108,3150987,,23423,PT9S,hd,false
109,WS979NH49Kc,MrBeast 2,I've Never Blinked In My Life,"I also lie a lot. subscribe for more videos!

#Shorts",,2020-09-12T13:45:01Z,57047268,2322863,,52170,PT14S,hd,false
110,wdznN3-h_5Y,MrBeast 2,"Launching a $40,000 Firework!","We launched a $40,000 firework and it was insane! 
This is from our video where we spent $600k on fireworks :)

#Shorts",,2020-09-11T19:14:35Z,11567603,675796,,12118,PT24S,hd,false
111,h-EL3eeSZeU,MrBeast 2,Unlimited Money Machine,#Shorts,,2020-08-24T23:31:38Z,62731027,2863394,,29403,PT22S,hd,false
112,RBB9GSMkLHc,MrBeast 2,How To Never Lose Rock Paper Scissors Again!,#Shorts,,2020-08-23T22:07:27Z,43022260,1933883,,323125,PT14S,hd,false
113,xdmuHe_ZDIw,MrBeast 2,World's Longest Whopper Train! LOL,"We did the funny... subscribe for more videos!





#Shorts",,2020-08-21T21:48:56Z,72401695,1141783,,8835,PT15S,hd,false
114,fZDUxJ-7Y4A,MrBeast 2,"Solve This Riddle For $100,000 (Step 1)","Step 1: https://www.youtube.com/watch?v=UsfulFVV4ZU

MAKE SURE YOU SUBSCRIBE, I'D HATE FOR YOU TO LOSE $100,000 BECAUSE YOU ARN'T

Yes, this is real. We spent months setting this up and it‚Äôs insane. Don‚Äôt worry, if you actually get to the end of this, we will know. We fully expect this to take over a week, so if you get stuck, don‚Äôt give up. You can team but I‚Äôm only sending the $100,000 to whoever solves it FIRST!",,2020-07-30T20:00:28Z,12454246,336278,,20000,PT2M36S,hd,false
