video_id|comments
nRYpj14DEvk|"['Fortnite OG is HERE! Rule your old stomping ground on the original Fortnite Chapter 1 map: https://pixly.go2cloud.org/SH44M \nTHANK YOU TO EVERY ZOMBIE ğŸ™ğŸ¼ğŸ‘ğŸ¼', 'Cringe', 'Next Years ""2024"" There Will Gonna Be Zombie Apocalypse', '0:01 Hello timed users ğŸğŸğŸğŸğŸğŸğŸğŸğŸğŸğŸğŸğŸğŸğŸğŸğŸğŸğŸğŸğŸğŸğŸğŸ', 'Whereâ€™s Cody???', 'Shoutout Sparky for the DPG vibes', 'THAT was the most amazing Airsoft Battle you guys have ever done! Im a 47 year old woman with grown children!!! Yet I can\'t say enough how much fun and laughter I get out of watching you fellas! I seriously clicked on this video thinking, ""they\'re not gonna be able to top their previous battles, no way!"" I was proved VERY wrong. My husband and I sat here yelling and screaming as you supprassed one hoarde after another! THANKS for great content!', 'The voice from halo helping with the pop noises is super cool!!! Nice video boys!', 'JEFF STEITZER! This was a fantastic one, boys!', 'get it right, those are creeper heads']"
rg-2DSAL-Yw|['ğŸ˜‚ğŸ˜‚ğŸ˜‚', 'HeyNick \u200f\u202a \u200f\u202a2 what this game called', 'As much as I prefer the Chapter 4 map - except for the jungle - it is fun getting to revisit the old island. Be nice if they can do this in between seasons more.!!!', 'Thank you Nick Eh 30 for being a fun entertaining person that keeps it family friendly! We need more people like you. \r\nKeep it up!! â¤â¤', '1:02 \nBro hit us with family friendly rizz', '3:32 og skull trooper', 'Nick said something sus 9.21 to 9.24', 'Safer is on', 'You should do a video reacting to the new battle pass og', 'My boys may be gone but u can meet more again WITH THE OG MAP LETS GO']
Opxhh9Oh3rg|"['so glad that i get to be alive now. at least one good thing during all these stupid wars.', 'It feels like a goodbye like the blackstar of David Bowie.', 'â¤â¤â¤â¤â¤â¤â¤â¤â¤', ""I love it in so many ways - but I was also left feeling uncomfortable by some of the old footage blended in with the new. Like for like, now and then, Paula and Ringo is fine - but George and John superimposed, and especially John playing the fool at the orchestra lectern? I'm not so sure. Maybe if we'd seen the vintage shot of Paul and George hamming it up first it would have helped."", 'Theyâ€™re still being the greatest of all times â¤  I thank the universe for your existence', ""Seeing Paul's face..his eyes almost tearing up..said so much to me about the love he felt and still feels towards John. The song was great.. It brought tears to my eyes too. My goodness..all the time that has passed..we're older now and I think we all have somebody we miss like this. Thanks Paul and Ringo for this song. I don't get why some have to critique it..tear it apart..just listen..and enjoy!"", ""I can't even describe what I'm feeling right now. Decades after they stopped, and they just released a new song, with the help of technology we have today. I love itâ¤"", 'Not really a Beatleâ€™s song. Sure, it has Lennonâ€™s voice, but he didnâ€™t have any say in the use of his voice, nor did he take part in the musical arrangement or composition of this song. There is something disturbing about manipulating a dead manâ€™s voice with AI. No doubt we will soon hear AI generated music that sounds like Lennon. The technology exists to do this.', 'I made it thru...because of you guys', 'Iâ€™m gonna cry \U0001f979']"
VodC8p8RYO4|"['Soooo heartbreaking ğŸ’”ğŸ’”ğŸ’”ğŸ’”ğŸŒ¹ğŸ•¯ï¸ğŸ™ğŸ™ğŸ™ğŸ™ğŸ™ ğŸ«‚ğŸ«‚ğŸ«‚ğŸ«‚ğŸ«‚ many condolences to his castmates, friends & loved ones \n\nThanks for all the great memories, Matthew. You brought your public much joy ğŸ¥°ğŸ˜‚', ""I find it amusing how people can be empathetic for a guy who didn't care about any of us but was just doing his job and making a lot of money doing it. I am the kind of guy who would fairly offer to always care about anyone in the history of the entire world if such a person would always reciprocate by forever caring about me.  Most people are evil as they haven't taken me up on this offer..  The result is that I have selective empathy by wisely restricting all of my love and empathy solely to morally good people (meaning those people who care about me like family and friends).  I don't care about (or have empathy for) evil people as that would be crazy lol"", 'So sad - Crazy how one can feel like you know someone personally after watching him on TV for so long.', 'Toxicology results come back yet? We know what happened.', 'ğŸ˜ŠğŸ˜ŠğŸ˜Š 0:17', 'To be with epstein', 'RIP Matthew Perry. You will be missed ğŸ™', ""Well, we know someone who won't be there for you... \n\nHas anyone sobbed for the victims in Israel? American families who lost their sons and daughters during battle? People need to get a grip."", 'Thank you Mathew for all that you gave to others. God bless all of his "" friends"" and his family .May they all find a way to honor his life and legacy.', 'Dearo-dear.']"
6EiV6oIKPEA|"['Footage was abit random so didnt fit on the main channel. Enjoy it here :)', 'Happy to see my childhood back', 'Happy to see my childhood back', '3:00 what is wrong with the damage count in this game', 'Lol I didnt even know thes changed the map. I played on this one but stopped shortly after', 'Lazar needs to run a game with fresh', ""I'm pulling out my actual old Jason R. Rich Book"", 'The BRIDGE!!!', 'When I saw the chug jug. I got teary eyed. Then hereâ€™s to lazarbeam heâ€™s true blue. I was a wreck', 'We need fresh back']"
DOZNRoL0310|['OUR FIRST MEGAN THEE STALLION PRODUCTION !!! I love you hotties ğŸ”¥ğŸ”¥ğŸ”¥', 'Love uuuuuuu â¤â¤â¤â¤', 'â€œWell that was far more emotional than I anticipated it beingâ€ ğŸ’œ', 'Killed this..', 'I pray that no matter the harm to your mentals you will always thrive. That growth continues to find you. Thank you for sharing your story â¤ï¸', 'The song cobras me the snake represents in the clip is boa (anaconda)', 'We love you megannnnn', 'ğŸ”¥ğŸ¶', 'Meg! Thank you Thank you Thank you!!!!!\n\nKeep being you! And being an actual artist. We are starved of it. Vulnerable and realâ¤ï¸ Ty', 'MEGAN â¤â¤ğŸ”¥ğŸ”¥']
im64Uvxqzmc|['Que bueno por marcelo se la merece.', 'Sou Palmeirense, mas acima de tudo, sou Brasileiro!!! Torci muito pelo Fluminense, tÃ­tulo mais que merecido', 'Unlike the hater as a argentina fan saw a fair winner on fluminense. Congrats!ğŸ‰', 'keep that coach in charge of brazil forever ğŸ¤£ but congratulations marcelo', 'What is wrong with that referee giving a red card for celebrating with your fans he should be fired', 'ğŸ‡µğŸ‡ª\U0001faf6Luis', 'FLUUUUUUUUâ¤ğŸ’šğŸ‡§ğŸ‡·ğŸ‡§ğŸ‡·ğŸ‡§ğŸ‡·', 'FLUMINENSE ES EL LEGITIMO CAMPEON DE LA LIBERTADORES!!!\nCON UN FUTBOL LEAL, EN CONJUNTO E INPONIENDOSE A LAS MARRUYERIAS DE BOCA.\nLOS ARGEYTINOS ğŸŒˆ ğŸ¤¡ğŸ³ï¸\u200dğŸŒˆğŸ˜­ğŸ™„ğŸ˜‚ğŸ¤£\U0001fae1  UN EQUIPO DE LEÃ‘ADORES,  QUE SE DEDICAN A GOLPEAR, INFLADOS SIN TALENTO Y AL FINAL, SI AL FINAL GANO EL MEJOR EQUIPO!!!! \nHONOR A QUIEN HONOR MERECE Y UNA FELICITACION ESPECIAL PARA MARCELO ğŸ¾ğŸ¥‚ğŸ¾ğŸ¥‚ğŸ¾ğŸ‰ğŸ†ğŸ‡ğŸ‰ğŸ†ğŸ‡ğŸ‰ğŸ†ğŸ‡§ğŸ‡·ğŸ†ğŸ‡§ğŸ‡·ğŸ†ğŸ‡§ğŸ‡·ğŸ†ğŸ‡§ğŸ‡·ğŸ†ğŸ‡§ğŸ‡·ğŸ†ğŸ‡§ğŸ‡· FLUMINENSE, FLUMINENSE, FLUMINENSE ğŸ¤£ğŸ˜‚ğŸ¤£ğŸ˜‚ğŸ¤£ğŸ˜‚ğŸ¤£ğŸ¤£ğŸ¤£ğŸ¤£ğŸ¤£ğŸ¤£ğŸ¤£ğŸ¤£ğŸ¤£ğŸ¤£ğŸ¤£ğŸ¤£ğŸ¤£ğŸ¤£', 'Bien partido con golazos', 'Well done Flu. ğŸ‡§ğŸ‡·ğŸ‡§ğŸ‡·ğŸ‡§ğŸ‡·']
OPo5_EBO5JM|"[""PLEASE don't treat DJ's nicknames for the mercenaries as the official names: https://youtu.be/-YKn-grvBYY"", 'lets go boys we are so back', 'ĞšÑ‚Ğ¾ Ñ‚Ğ¾Ğ¶Ğµ Ñ…Ğ¾Ñ‚ĞµĞ» Ñ‡Ñ‚Ğ¾ Ğ±Ñ‹ ĞĞ»Ğ°Ğ½ Ğ¿Ğ¾ĞºĞ°Ğ·Ğ°Ğ» ĞºĞ°Ğº ÑĞ´ĞµÑÑŒ Ğ±ÑƒĞ´ĞµÑ‚ ÑÑ€Ğ°Ğ¶Ğ°Ñ‚ÑÑ Ğ¾Ñ€Ğ°Ğ½Ğ¶ĞµĞ²Ñ‹Ğ¹ğŸ˜¢ğŸ˜¢ğŸ˜¢ğŸ˜­ğŸ˜­ğŸ˜­ğŸ˜­ğŸ˜­ğŸ˜­ğŸ˜­ğŸ˜­ğŸ˜“', 'The gray stickman?\nWhen he\'s in the box, you can see on the control monitor that his name is ""Victim.""\n""The Chosen One"" was not the first ""Animator versus Animation"" stickman.\nThe firs t stickman, in the first animation, was named ""Victim.""\n\nTHE GRAY STICKMIN IS THE VERY FIRST STICKMAN.\nAnd now he wants revenge.', 'YES FINALY EP 2', 'VICTIM WANTS REVENGE ON ALAN FOR THE PAST, BUT THE REAL QUESTION IS HOW DID HE ESCAPE HIS DEATH?', 'This is pure art. It belong to a museum... or on Netflix.', 'AMIGO , LA CALIDAD , FONDOS , PERSPECTIVAS , ES INCREÃBLE!!', 'THE VICTIM IS BACK!!', 'I guess we will have to wait for the next 6 months ğŸ˜¢ this was so good men.']"
4DlbRC10CFY|"['Did I fail to disappoint?', 'Love your vids Ty ğŸ’¯ğŸ’¯ğŸ’¯ğŸ”¥ğŸ”¥ğŸ”¥', '0:01 Hello timed users ğŸğŸğŸğŸğŸğŸğŸğŸğŸğŸğŸğŸğŸğŸğŸğŸğŸğŸğŸğŸğŸğŸğŸğŸ', ""Clown one reminded me of Grimace cause McRonald being clown mascot once in McDonald's ğŸ’€ğŸ’€ğŸ’€"", 'My fear is dolls', 'Your mom.', 'G I A N T S Q U ID', 'Is my biggest fear is spiders', 'My biggest fear is five nights at Freddyâ€™s even though I watch the show but itâ€™s still my biggest fear', 'Best YouTuber in the world']"
UAeJHAFjwPM|"['0:01 Hello timed users ğŸğŸğŸğŸğŸğŸğŸğŸğŸğŸğŸğŸğŸğŸğŸğŸğŸğŸğŸğŸğŸğŸğŸğŸ', '12:08 , why is the object sending electrons to the lens ? Is the lens a BLACK HOLE (it seems) that sucks up all the reflected electrons ? The animation is MISLEADING.', 'Wow...loved this', 'As a person with no military background I find it fascinating what the entire sectore brings to the civilian life. Thank you for sharing this with us :)', ""This was almost all very interesting; but I'm surprised you would mention the raid that killed 'osama bin laden'.  You know... ears are about as unique as finger prints, and they're quite visible, and don't change over time - you really think that guy they killed had the same ears?  Of course they wouldn't show any details to confirm the identity... the details were already there to disprove the identity. OBL died a long time before that; and that's why it's air-quoted."", 'Is this a piece on getting a proper gander or propaganda?', '6:00 â€œNo comment on that one.â€\n\nAs though answering a benign question like that would post a threat to national security.', ""He's turned into a weapons manufacturer shill. The Bin-Laden thing adds nothing to the video."", 'like it', 'How is thermal imaging able to record reflections as in 19:36 ?']"
mwKJfNYwvm8|['Visit https://www.beastphilanthropy.org/campaign/mrbeast-100-wells to donate and help us build more wells!', 'Ğ¥Ğ¾Ñ€Ğ¾Ñˆ', 'Ğ•Ğ³Ğ¾Ñ€ ÑˆĞºÑ€ĞµĞ´', 'Ele tem o passe â¤ï¸â¤ï¸', 'Thank you from Kenya ğŸ‡°ğŸ‡ª', 'Help Palestine too...', 'Common Mr Beast W', 'Now this is someone worthy to be a president â¤ï¸', 'Beast is an angel\nAhsante', 'ĞÑƒ, Ğ¿Ğ°Ñ€ĞµĞ½ÑŒ Ğ³Ñ€ĞµĞ±Ñ‘Ñ‚ Ğ¼Ğ¸Ğ»Ğ»Ğ¸Ğ¾Ğ½Ñ‹ Ğ»Ğ¾Ğ¿Ğ°Ñ‚Ğ¾Ğ¹ Ğ·Ğ°ÑÑ‡ĞµÑ‚ Ğ´Ğ¾Ğ±Ñ€Ñ‹Ñ… Ğ´ĞµĞ» Ğ¸ Ğ¼Ğ°Ğ»ĞµĞ½ÑŒĞºÑƒÑ Ñ‡Ğ°ÑÑ‚ÑŒ Ñ‚Ñ€Ğ°Ñ‚Ğ¸Ñ‚ Ğ½Ğ° Ñ‚Ğ°ĞºĞ¸Ğµ Ğ¿Ñ€Ğ¾ĞµĞºÑ‚Ñ‹. Ğ›ÑƒÑ‡ÑˆĞµ Ğ±Ñ‹ Ğ½Ğ°Ğ»Ğ¾Ğ³Ğ¾Ğ²Ğ°Ñ Ñ€Ğ°ÑÑĞºĞ°Ğ·Ğ°Ğ»Ğ°, ÑĞºĞ¾Ğ»ÑŒĞºĞ¾ Ğ¾Ğ½ Ğ½Ğ° Ñ‚Ğ°ĞºĞ¸Ñ… Ğ´ĞµĞ»Ğ°Ñ… Ğ·Ğ°Ñ€Ğ°Ğ±Ğ¾Ñ‚Ğ°Ğ» (Ğ¾Ñ‚ Ñ€ĞµĞºĞ»Ğ°Ğ¼Ñ‹ Ğ¸ Ñ‚Ğ´). Ğ Ğ¿Ğ¾ Ñ…Ğ¾Ñ€Ğ¾ÑˆĞµĞ¼Ñƒ Ğ¿Ğ¾Ğ»ĞµĞ·Ğ½ĞµĞµ Ğ±Ñ‹Ğ»Ğ¾ Ğ±Ñ‹ Ñ€Ğ°Ğ·Ğ´Ğ°Ğ²Ğ°Ñ‚ÑŒ Ğ¶Ğ¸Ñ‚ĞµĞ»ÑĞ¼ ĞÑ„Ñ€Ğ¸ĞºĞ¸ Ğ¿Ñ€ĞµĞ·ĞµÑ€Ğ²Ğ°Ñ‚Ğ¸Ğ²Ñ‹ Ğ¸Ğ»Ğ¸ ÑÑ‚ĞµÑ€Ğ¸Ğ»Ğ¸Ğ·Ğ¾Ğ²Ğ°Ñ‚ÑŒ']
AFUKnherhuw|"['The trailer is great. Now just the show needs to deliver. I hope it can.', ""I love these kind of dark and suspense thriller web series.. very excited to see Kingpin back can't wait"", 'finally gettin all episodes at once !!!', 'Legend has it that man is still grunting ğŸ˜¢', 'a spinoff of a spin off for characters nobody cares about? lmao', 'Wilson Fisk has so much story to give to us, I genuinely simultaneously hate and love this character ğŸ¤ğŸ¤ğŸ¤', ""That Ice Cream Man is such a jerk. He doesn't even know that we live in a world where there are some people who are deaf, blind etc."", ""I'm glad they're putting this out in January, so I can rewatch Hawkeye as a holiday tradition"", 'Letssss freaking gooooğŸ”¥ğŸ”¥ğŸ”¥ğŸ”¥ğŸ’ªğŸ‘‘', ""there's still hope for marvel""]"
LAnm7QH1J7w|"['Jungkook Very Nice Voice,', 'ĞĞ¸ Ñ„Ğ¸Ğ³Ğ° ÑĞµ, Ğ¾Ğ½ ĞºĞ°Ğ¹Ñ„Ğ°Ğ½ÑƒĞ»..Ğ¸ Ñ Ğ²Ğ¼ĞµÑÑ‚Ğµ Ñ Ğ½Ğ¸Ğ¼. Ğ§ĞµĞ»Ğ¾Ğ²ĞµĞº Ğ¶Ğ¸Ğ²ĞµÑ‚ ÑÑ†ĞµĞ½Ğ¾Ğ¹. Ğ Ğ¾Ğ¶Ğ´ĞµĞ½ Ğ´Ğ»Ñ ÑÑ†ĞµĞ½Ñ‹. Ğ’Ñ‹Ñ€Ğ¾Ñ ĞºĞ°Ğº Ğ°Ñ€Ñ‚Ğ¸ÑÑ‚!!! Ğ‘Ğ¾Ğ¶Ğµ, Ğ¾Ğ´Ğ½Ğ¾ Ğ·Ğ°Ğ³Ğ»ÑĞ´ĞµĞ½ÑŒĞµ ÑĞ¼Ğ¾Ñ‚Ñ€ĞµÑ‚ÑŒ Ğ·Ğ° ĞµĞ³Ğ¾ Ğ²Ñ‹ÑÑ‚ÑƒĞ¿Ğ»ĞµĞ½Ğ¸ÑĞ¼Ğ¸!!!', '(\u2060â—\u2060â€¢\u2060á´—\u2060â€¢\u2060â—\u2060)\u2060â¤ğŸ«‚ğŸ’«âœ¨', 'OMG ğŸ˜®ğŸ˜±ğŸ˜±best live performance ğŸ‘ŒğŸ‘ŒğŸ‘ŒğŸ’œ', 'Sem explicaÃ§Ã£o esse talento mds', 'The golden voice of the golden maknae â¤', 'Amei a canÃ§Ã£o assim como a performace de Standing Nest to You, tudo que vocÃª faz Ã© viciante. NÃ£o tem como nÃ³s Armys nÃ£o nos orgulharmos do seu trabalho. VocÃª Ã© o melhor. Sucesso para Golden.ğŸ’œğŸ’œğŸ’œğŸ’œ', 'Jungkooki is best ğŸ’œğŸ’œğŸ’œğŸ’œğŸ’œğŸ’œğŸ’œğŸ’–', 'Lindooo como sempre â¤ï¸â¤ï¸ğŸ˜', ""Jungkook's vocals are absolutely exceptional. His range, control, and emotional delivery shine throughout the entire song. His voice effortlessly captures the essence of the lyrics, creating a powerful and heartfelt listening experience. It's clear that Jungkook's talent as a vocalist continues to grow and impress with each new release. Truly remarkable.""]"
ZbJXE3jpOS4|"[""Isaac's close are taky"", 'isaacs track  suit is tacky', 'Heres a idea have the team draw out each others overnight shelter that they have to build', 'The shirt is tacky', 'ğŸ’¯ğŸ¤ HANDSOMEğŸ‘¼ğŸ¼ğŸ‘±ğŸ¼\u200dâ™‚ï¸ğŸ§‘ğŸ¼ğŸ‘±ğŸ¼âœ¨ğŸ”¥â™¥ï¸ğŸ’ªğŸ»', 'he looks like exploring with Josh ğŸ™‚', 'â¤ğŸ‰', 'I am so happy to see that you guys kept your promise to make a video when you guys hit 8mil subs', 'That custom track suit fire not going to hold you lol', 'Use milk next time Issac!']"
d6qCbdXqsOs|"[""Rest well now, what a journey it has been. I still can't believe that it's over, Thank you for everything Mappa and Hajime Isayama"", 'Good season 1 to 3 vibes', ""I cannot express how happy I am that we're getting Linked Horizon back for the final OP"", 'This is amazing. Me and my brother have been following the show for a while (me from the begenning, he started watching in 2020). It is a sad , kinda mixed feeling ending. We are happy that we were a part of this community, and that we got the chance to be a part of this amazing era when AOT was airing. :) \nShinzo wo Sasageyo!', 'Love to see Linked Horizon back for the ending. This all feels very nostalgic, but also very final. Goodbye, Attack on Titan. Goodbye, Eren.', 'I love and miss AOTâ¤ï¸', ""Thank you for being the reason I'm still alive. I love you aot"", 'Does anyone know what the lyrics at 0:53 are? Not the chorus but what Revo is saying', 'Shinzo wo Sasageyo!!!', 'Fue un gustaso seguir este anime, uno de los mejores, por no decir q es el mejor ğŸ¥º']"
_FkOCDNxS4c|['ey subcribe on g fr fr', 'How does bro have 4m likes with 421k views?ğŸ¤”', '7:33 BUT IF YOU CLOSE YOUR EYES!', 'Ok Wow', 'The Amount of Questions-\n7:05', 'Hi', 'Rip socks', 'He brought back rob banks', 'Hi rob-banks', 'How come now we only see memegod and tbh on animation and not reaction video']
o03STclgxSc|['If the main character isnâ€™t Zach efrronn then something is seriously wrong with this world', 'Absolutely amazing! Credit to the team!', 'MAKE LOVE! NOT WARCRAFT!ğŸ¤©', 'When are we going to be able to play WOW on Xbox', 'The son Arthas never had.', 'They should waited with bringing back Anduin for like 3 expansions,,,,, that way this,,,,, cinematic might have been more impactful. Plus Blizzard already did this cinematic once,,, only then it was about Thrall returning and even then it didnt feel impactfull cause Thrall was only away during half of an expansion,,, well maybe 1 expansion cause he disappeared in the beginning of Legion.', 'We need more Warcraft movies, just saying...', 'What sword?', 'Hy...Azeroth: Hear, Feel, Think.', 'looks interesting.']
UNo0TG9LwwI|"[""when it's deep like dna"", 'Still here  Cant get enough of this soong', 'Love you JK', ""I love the song, appreciating Jungkook's voice to that magnitude is something I didn't think I would see. My old soul makes me think of the pop of another era"", ""it's deeper than the pain"", 'OMG es tan increÃ­ble su voz, sus movimientos, el es increÃ­ble', 'Ok JK..â¤', 'Ø§ÙƒÙ„ÙŠ Ù†ÙˆÙ…ÙŠ Ø´Ø±Ø¨ÙŠ Ù‡Ù†Ø§', 'Artista completo', 'Jungkook']"
aN3ZbIiqQQ0|"['Anyone know if the rules are written out anywhere? Want to read the difference between the regular rules and the scar rules.', 'Hi Grian! When will you be uploading the next Hermitcraft epusode? And when is the signing for the CREO TCG cards?', '4:02\nAccording to Joel, 3-10=17.\nYou could infer from that that either 10=-14 or 3=27...', ""Task idea: Make faces on 3 hermit's houses with different expressions"", '""I\'m gonna make my base out of something less flammable this time"" makes a completely wooden egg', ""Secret task idea: say the title of five players' previous week's Secret Life videos to the creator's face without them realising."", ""Grian: Why won't you BURN!?\n\nGrian's Base: You can not kill me in a way that matters."", '""Do you ever build anything in Minecraft and feel like you\'ve done it before? What\'s that feeling called? Where you feel like you\'ve done something before?""\nDone. Passed. Could have used Grian for it, even.', 'Probably a dumb one but it would be fun:\nPunch the first three people you see and run without them saying your name\n(Should be in the hard difficulty one)', 'It seems like people are having a really hard time with the ""get someone to say [blank]"" tasks, and I\'m just sitting here hoping they\'ll remember the owa tagu saiam thing that was done to me as a kid.']"
B77u8cjaYIs|"['32:46 bro became Senzei Wu', ""Bruh the 2nd golem fight a 24:46 didn't have the power change."", 'Watching my favorite youtubers play one of your board games is always a joy.', '""AND I KEEP THE HAT"" - a crazy animator', 'Can I pls know how do you make these?', 'Fuckin love this channel. Circletoons carrying in the drama department as usual king', ""what is circle's  youtube channel?"", 'Bro I need more of this, it was funny as hell!', 'we need your SPRITES pls\npls im making these things for my friends pls I need sprites I bad at art\npls', '""AND I KEEP MY HAT!""']"
iyV-xYb5VN4|"['Full WWE Crown Jewel in 13:53 ? really ?is not full show', 'Roman reigns suchk', 'So Boring The same ol ğŸ’©', 'Survivor Series War Games 2024 Randy Orton Returns', 'Miss you old John CenağŸ˜¢ and Cm punk returnğŸ˜¢', 'rinse and repeat roman ending as per boring asf', ""Yes! Jey Uso took Dominic's head clean off with that Super Kick! ğŸ‘ğŸ¿"", 'That damn Logan Paul! ğŸ˜¡', 'Cena already made his time; more than twenty years', ""Logan Paul's a cheater like his girlfriend""]"
YIW1I7b92pc|"[""The secrets of parkour civilization are revealing themselves slowly...it's only a matter of time before we find out the truth.......SUBSCRIBE"", 'i blinked and heard ""HAUGH NO-""', 'bro really slipped', ""CLIFFHANGER but it's fine series is good keep uploading :)"", 'Theys litterly are the easiest Jumps in the howl Univers What the heck man come on ..ğŸ˜‚ğŸ˜‚ğŸ˜‚', 'Make a playlist about the parkour cilvasation', 'I cant wait next week to new episode!!', 'More parkour videos', 'Can we just see how semi original this is', 'Nooo why did you slipped! Now you have to get back to pro levelğŸ˜¢']"
mziK5rV261c|"['hey, l0lzzzz .', 'hey, l0lzzzz', 'hey', 'Your honor, I learned from a bumber sticker that when you go to hell its similar to going to jail. You do not pass go & you do not collect $200.', '""shit, i guess""\n-therussianbadger', 'Russian Badger fits perfect with this animation ğŸ˜‚ğŸ˜‚ğŸ˜‚', 'I must say russian bager group is damn good at voiceacting ğŸ˜‚', 'One word what happened!?', 'Next Winnie the Pooh vid, PLEASE HAVE HIM BE RULER OF THE GALAXY, AND THEN THE UNIVERSE, AND THEN EVERYTHING THAT EVER EXISTED, HE CAN CHANGE TIME, TO NEVER HAVE HAD WARS, ALL STRESS THAT EVER HAPPENED WILL BE GONE, AND IT WILL ALL BE BECAUSE OF pooh', 'Iâ€™m dying']"
EhhOin2p5Qs|"['No shade to lazerpig, but everyone complaining that I credit John Boyd for pioneering Energy Maneuvrability diagrams need to find a better source. John Boydâ€™s influence on the F-16 through E-M diagrams is undeniable and is referenced in hundreds of reputable aeronautical engineering documents.\n\nIf any of you can link a reference that isnâ€™t a YouTube video Iâ€™ll take your complaints more seriously', '@realengineering well well you did the F35 and now the  F16 from Loocked, you need to do the King Raptor now, and why the F22 raptor is still the best A/A plateforme ever created, with no true competition so far in that role.', ""The F-16's sent to Ukraine won't be squaring off against Gen4 Russian fighter jets, they will have to fight S-400's"", 'The ""Mig 21""  shows ""Su 22""', 'Dude I love these videos', 'john boyd and the Fighter mafia are a dificult subject,\n\nit\'s heavily debated if he is actually the engnieer he claims to be,\nin the US briefs that did appear he is barely mentioned,\nhe and his fighter mafia, were Traditionalists arguing that planes such as the A-10, F-14, F-15 and F-16 are too complicated and\nsould be stript of basically anything that isnt the gun.\nRemoving NVG\'s, Radars and so on\n\nPierre Sprey, one of his mafia colleges for example claims the have created the A-10\nwhat parts exactly seem to be inconsistent and durring its planning he havily critisied the\nDesign, proposing his ""own"" design the Blitz Fighter,\nthis design is arguably a ver close derivative from an alternative proposed Aircraft.\n\nBoyd was not a bad person,\nhowever his work tends to be overstated and sometimes even falsy attributed.\nHe did work on some computer models than then informed some Computer models of how AOA would effect aircraft performance,\nwhich was important to the F-14, however his traditionalist suggestions on radar and weapon systems were ignored.\nhis energy manuverability theroy is important however there is big resemblense to the ""Energy Approach to General Aircraft""\ntheory by Edward S. Rutowski (form the Douglas Aircraft Company)\n\nIt is important we discuss the historical reccord to ensure it is correct,\nnot saying my understanding us but at the very least it may spark converation', 'Can you do a comparison video on the F-15, F-16, and the F-18?', 'Nice video, also loved the TOP GUN style background music !! wonderful', 'Music is double tracked and too loud', ""Hey, thanks for reminding me that i'm using youtube premium in the end of the vid, i've already completely forgotten about it, but it does also help support content creators with the view i give being worth that tiny bit more, so i'll gladly do it this way, plus giving you a sub, watched some of your videos a while back, and love the writing, detailed explanation and effort/research given to make this a masterpiece""]"
-ugIcuv5KsQ|"[""What's a special secret in Minecraft that had you scared??"", 'i loved it thank you for the video preston!!!', 'You are the best of Minecraft', 'I want to do it but I do not', 'He dyed his hair I like it Black to be honest ğŸ˜¢ğŸ˜‚ğŸ‰', 'STOP', 'The most common form means ggghh', ""Hi Preston I know I'm late but I just saw u in the sonic2 movie and was wondering if it was you"", 'Itâ€™s kinda scary ğŸ˜®', '9:19 drowned battle Royale']"
AQfRHycUsmQ|"[""Hey, blizz. I can remember, not so long ago you did unic video trailers with insane graphic quality. what's went wrong? when? why?"", 'WHERE MY FELLOW USOS AT ğŸ˜­ I appreciate the palangis enjoying the character though ğŸ™ğŸ½', '1 this is going to be most played in overwatch \n\n2 why does this remind me of mowae from moana', 'What can i say except your welcome', ""He's just like raum from paladins"", 'Maui with sion ult', 'Whereâ€™s PvE?', 'You guys forgot to announce PVE', ""minigun shouldn't be hold to shoot"", ""When he fully releases the nerf is going to be mad, then we're going to be stuck with the same musty air of overwatch""]"
VMUPrIMYF6E|"['can someone send me the poke paste for the team', 'I just recently turned my GameCube back on so it was really funny to hear some Sonic Heroes in the background', 'Iâ€™m ready for your worlds video and the Pittsburgh Video', 'I love so much how every PokÃ©mon is called by name except THE SNEASLER! Sheâ€™s got her own title!', 'Not nicknaming Sneasler to ""The Sneasler"" was a terribly missed opportunity', 'The amount of tera waters facing a regieleki is mad\n\nLike did you all forget gen 8, that thing is scary', 'Thunderbolt instead of stab terra blast onto tatsu?', ""I love how both Wolfie and PM7 agree it's THE Sneasler."", 'Interesting.... He doesnt have dire claw on sneasler', 'i have something scientists refer to as the world champ sneasler']"
aPO5JaShu2U|"['What do you want me to build next?', 'Surprised to see how effective that whirl generator was for the small boats.', 'This man is either complete madman, or a.total genius.', 'this is really cool!!!! thank you for making this video!! :D', 'Brick Technology: ""What do you want me to build next?""\nme: ""Yes.""', 'I would have killed to have something like this when I was 9', ""I love how crazy and sardistic this whole thing is. True 11-year old's dream"", 'Seriously impressive.', 'It sank like the Poseidon.', 'Why you want to sink that boat?']"
RLVjhKxNVrQ|"['Love your hair!  Makes me think Rose Gold!  And, these candles are so much fun.  You are wonderful to watch and I really enjoy your videos!', 'I love ur video and ur new hair is very beautiful!', 'Nice ğŸ‘ğŸ‘', 'Wow the candle waxes look so real. I love ur hair loads x', 'Really gonna miss the pink hair... Anyways you look amazing', 'OMG I LOVE YOUR HAIR ITS THE same color as mine slay so pretty ğŸ§ğŸ¤©ğŸŒ¸ğŸ˜âš¡ğŸ³ğŸ§‹ğŸ¦ğŸŸ Also how is that food not real', ""Sorry I couldn't not taste them ğŸ˜‚"", 'Fun video for sure, and while I liked the pink hair I am loving the new color!', ""If something looks so delicious as these candles... It's for me no joy if you can't eat it xD I think I prefer normal candles ğŸ¤ª"", 'OMG! It was hard for me to imagine you without blonde or pink hair, but this copper color looks AMAZING on you â™¥']"
0FKaIiRhUME|"['ğŸ•¹Your browser is holding you back. Level up with Opera GX: https://operagx.gg/LetsGameItOut8', 'Absolutely awesome content as always brother, thank you for the laughs and entertainment my friend, really great to hear from you again man ğŸ˜‚ğŸ˜‚', 'I sadly am not allowed to use opera gx as a person that has a google pixel', 'This game seems like a rip off to forger', 'I love how Joshâ€™s give me a second is about 3 hours ğŸ˜‚ I appreciate your curiosity how much you can break a game', 'I just wonder if the devs watching were laughing or crying?', ""And that's how he escaped the matrix ğŸ˜‚"", 'Nukes have been added to satisfactory and theirs a new planet crafter update', ""Hey let's game it out you should play need for speed pay back it's a racing game and jumps in the big map that you can jump off and you can break your car die and you might set on fire if your a crazy and like breaking things you can almost break every thing pls make a vid on it it's a very good game and I think it would be funny to see you play it thx if you do let's game it out."", 'Psychopaths can do this onlyğŸ˜‚']"
aau-c8l5z9c|"['aaaaa focalor i give to you all my 8243 protogems and my 236 wish all for youuu (help me i not touch grass in the last 2 months)', 'This teaser really gives me a different vibe than lot of the others. the way thereâ€™s a big focus on almost breaking the fourth wall is really interesting. Sheâ€™s not interacting with any other characters, Itâ€™s more like sheâ€™s having a one on one conversation with someone or something.', 'So are she is reggresion like raiden too or what ?', 'FURINA FURINA FURINA REEEEEEEEEEEEEEEEEEEEEEEEEEEEE', '2:02 \n""The hydro archon will be left, weeping on her throne""', 'I love the animation â¤â¤', 'I NEED HER. I NEED HER NOW RAAAAAAAAAAAGH', 'Sheâ€™s so different from all the archons so far, but honestly thatâ€™s what makes me love her so much.', 'idk whats going on bc i dont play genshin actively and didnt do the 1 st quest and dont understand big words sooooo', 'Here we go again, the traveller saving a nation for the fifth time.']"
eAdsNiMqO-4|['Tha drake bar frm mgk go crazy', 'ğŸ”¥ğŸ”¥ğŸ”¥ğŸ”¥ğŸ”¥', 'My boy went hard Xx for life ğŸ”¥', 'ğŸ”¥', 'Machine gun kelly is underrated â¤ğŸ”¥', 'Tee Flow Crazy ğŸ˜¤ğŸš¦â€¼ï¸', 'MGk went in hardğŸ”¥ğŸ”¥ğŸ”¥ğŸ”¥ğŸ”¥ğŸ”¥', 'This dude wants to be lil peep so bad', 'ğŸ”¥ğŸ”¥ğŸ”¥ğŸ”¥ğŸ”¥', 'Bruh lol is this a joke MGK verse was whack lol he been killing shit lately but this ainâ€™t it']
f-KMpPn4AnI|"['Welcome back Elliot! Canâ€™t wait for some amazing memes and content', 'I havenâ€™t watched or played Fortnite in ages, as soon as I heard the OG map was coming back I immediately came back to your channel/my favorite fortnite youtuber. Thank you Muselk for the memories my friend.', 'From when is click back??', 'CHAPPADOODLE ğŸ˜ğŸ˜ğŸ˜ğŸ˜ğŸ˜', 'Ah man I miss these days.', 'be carefull of tencell the owner of roblox slap battles lol', 'Petition to bring back facecam', 'Why do u feel like thatâ€™s not really chapadoddle', '""Oh no I\'m being knocked by an ATK"" ğŸ¤£', 'The fact that he actually got chappadoodle in a game is amazing']"
KrOQSJCvxPg|"[""Get your Y'all-O-Meter 2.0 here: https://shopryanhall.com/yallometer"", 'Im in Abilene Tx and always on the edge of all the good stuff ğŸ˜­', 'I want to believe you but weâ€™re sitting at almost 70 degrees in southwest Virginia today, and it will be warmer than that the rest of the week ğŸ˜®.  This doesnâ€™t feel like the start of a heavy snow winter', 'Amazing how the snow respects the border with Mexico', 'We will be getting as much snow as we get...', ""I'm in a 20 feet/year minimum zone so for me it's just suffering no matter what happens ğŸ˜‚"", 'So Idaho and Montana donâ€™t exist ğŸ˜‚. Useless post', 'As a resident of south central Virginia, I can tell you we almost NEVER get anywhere close to 12"" of snow. Last winter, we didn\'t get squat. It didn\'t even get cold. I have little (if any) faith in weather forecasters, especially regarding long term forecasts, but I actually hope you\'re right. I love snow and would love to have a real winter, for a change...', 'Heard this almost every year', ""Born and raised in Texas...we simply don't know how to handle snow ğŸ˜‚ğŸ˜‚ğŸ˜‚ we get it nearly every year but it's like our common sense and driving abilities freeze up.""]"
ICr_GDjyJG8|"[""I grew up watching both Drew and Paulie....and honestly I love them both!! I know this was meant to look like a joke, BUT.....I think deep down inside Paulie was being real about this proposal....as adorable as they would look together....I don't think Drew would consider him in that way....she would NEVER want their wonderful friendship destroyed forever if something were to happen between each other!! Plus I'm pretty sure she loves him as a brother then anything else!!ğŸ˜Š"", ""That was Whack how u say stay tone for answer,she's not the one."", 'And hey Pauly, tell Brendan Fraser Iâ€™m single too lol.', 'Wait! What did she say?? Yes or no???  Ahhhhh!! I gotta know lol', 'That would be a positive healthy relationship they would be a good match â¤ mums know ğŸ˜‰', ""I hope I'm not the only one confused"", 'I think they could b happy 2gether but itâ€™s what they think and their own believes', ""Might as well, right? I can't think of a better guy. Hugs!"", ""This is so fake it's a act they best friends"", ""Oh damn I thought this was a real thing, it looks like Pauly's down but Drew ain't gon do it. She should though, Pauly's the man. Very chill marriage. Doesn't even need sex apparently. And that's a fat ring.""]"
HDFiS0GAp8o|"['https://theodd1sout.com/\r\nâ‡§â‡§â‡§â‡§â‡§â‡§â‡§â‡§â‡§â‡§â‡§â‡§â‡§â‡§â‡§â‡§â‡§â‡§â‡§â‡§â‡§â‡§â‡§â‡§\r\nBlack Friday deals have now started!!!!', 'U stole from jaiden again lol', 'This is so RAD.', 'The opening ğŸ˜® the ending ğŸ’€, your the best James', 'how and why has James used my anime watch history and made it into a single video? o.o', 'Oh gods the outro XDD I love this', 'im here doing 1 frame per second and he releases a full on anime trailer', 'OMG he got Yamchaed!  That was great!  The amount of anime that was covered in this short ad was fantastic! Bravo!', ""Wait, that was an ad? I almost didn't notice!"", 'My god']"
NeKK3hFguKw|['Thankyou for watching the video! Heres my link https://rebrand.ly/ArenaBreakoutCarvs to download the game!', 'This guys is under ratted', '29:55 the meme fits perfectly in the background ğŸ˜‚', '27:38\nThe tube fixes all and every problem(s) in the world.', 'wtf are these speeds bro i wouldve never thought this was possible', 'ones i holdet a auto clicker for 1 hour on the tnt minecarts and then i got kicked out bc of the la', 'OMG that was a lot of boats! Ha', 'Informative? Yes. Clickbait? also yes.\nI know this bit is audience dependent, but you also seem to overreact to everything.', '17:07 âœˆï¸', 'Bro at 29:55 at the left???!!!']
o2C35kWHPAA|['LOL', 'Can I please just be so proud of myself like Casey was at the end?', 'ABC pants are the only pants I wear haha', 'So Happy for you Casey!â¤â¤', '2:54 this reminds me of David Byrne in the Once in a Lifetime music video ğŸ˜‚', 'Just to tell you its pretty much illegal using your drone in canada, y need permit and license ğŸ˜‚ I know its dumb by the fine is pretty freaking high if its not close to jail time.', 'I saw your commercial', 'professional skateboarder? ğŸ‘€ğŸ˜®', 'I donâ€˜t want to be a prick. But I think it should be addressed how much he is flying and how much damage that behaviour causes to the climate. It shouldnâ€˜t be normal', 'God I love and miss these videos. wish you made them more often again!']
O_xag1kViz0|['Get NordVPNâ€™s 2 year plan + 4 extra months free here: (https://nordvpn.com/icecreamsandwich) Itâ€™s risk free with NordVPNâ€™s 30 day money back guarantee!', 'All of the pills I eat all of the pills', 'Assuming I can only add 2 once, otherwise itâ€™ll be even more broken, and since a^1 = a and letâ€™s say a represents the money in my bank account. I can then add two zeros to the power to 1 in a^1, so it becomes a^100. Now if a = $1.2 then a^100 = $82,817,974.52.\nSo, you can get pretty rich using the add 2 pill assuming you got more than $1 in your bank account', 'Take the 2 pill and then make it add 2 to the amount of pills you can take. Now you can take 2 more pills. Take the beauty pill and the 2 pill again. Now you can take 2 more pills. Repeat this process and take all the pills', 'I think id go with the arm pill but not for the main reasons. Given the example of being rocket arms, your arms can A: be multiple material at once, and B: material can separate from your arm and stay that material. My arms are not 3D printers for any material or complex machine.', 'they say when you sit on your hand for a long period of time and have a 5 knuckle shuffle it feels like a different person.\n\nimagine all the different kind of hands and ways you could do it', 'bro plus to million dollars', 'Imma be real, knowing exactly when Iâ€™ll die fills me with a dread that irrationally over-encompasses the perks mentioned.', 'In this economy? Iâ€™m taking the running pill.', 'With the pill to add two to anything I would add two to the amount of pills I can take and get all of the pill powers.']
pZGxy7WoMdg|"['The voice actors are gonna say some weird stuff, im sure thereâ€™ll be no consequences ğŸ¤ \n Be sure to tune into GLITCHX from 4pm PST on the 9th November to not miss out!\nMORE INFO: http://glitchexpo.com', 'This is one heck of a crossover', 'Glitch estao sexualizando a pomni to reportando mas tem muitos desses tipos de videos oq eu faÃ§o? ;-;', 'Hi SMG4', 'i love this', 'Whats going on?\nWe are supposed in character\nOh sorry\n*WhAtS GoInG oN?!?!!!*', 'ğŸ˜®ğŸ‘ğŸ¤©ğŸ‘ğŸ¤©', 'Nice video', 'And? Will H and ultrasound be in the future?', ""Can you'll make digital circus part 2 plz if this gets 100 like doi itâ¤soo like now if you wanna watch itâ¤""]"
jNmPssKIPp8|['Onta fuerza regida. Mejor just go by jop.', 'LLEVEMOS ESTE VIDEO AL TOP 1 RAZA', 'THIS IS CACA', 'FDVPğŸ¥´', 'Dura fuerza regidağŸ’ªğŸ’ª', 'AsÃ­ es la vida homz', 'Mi muchachote  que alto has llegado pero solo confia en Dios y tus padres porq lo demas ya sabes q  es\nEchele mi chuy ğŸ¥³ğŸ¥³ğŸ¥³ğŸ¥³â¤', 'Y Pura Fuerza Regida ğŸ‘ŒğŸ˜â¤', 'I just hear  circus music with a dude looking like a thug . My senses are confused', 'Mejor que solo hagan como un trÃ¡iler y yaaaaa hhhh']
PCLjZDkpBoY|"[""Maui's evil twin."", 'Talon really said ""Make this guy like a 40k Space Marine"" and they ran with it, he\'s built like a Centurion complete with Storm Bolters, I love him.', 'Still wonâ€™t play the game', 'Dude is seriously opd even in overwatch standards', 'Itâ€™s Maui from Moana', 'Ğ’Ñ‹ Ğ²Ñ€Ğ¾Ğ´Ğµ ÑĞ¸Ğ½ĞµĞ¼Ğ°Ñ‚Ğ¸ĞºĞ¸ ĞºÑ€Ğ°ÑĞ¸Ğ²Ñ‹Ğµ Ğ´ĞµĞ»Ğ°Ğ»Ğ¸ Ñ€Ğ°Ğ½ÑŒÑˆĞµ? Ğ˜Ğ»Ğ¸ Ğ¿Ğ»Ğ°Ğ½ĞºĞ° Ğ¾Ğ²ĞµÑ€Ğ²Ğ¾Ñ‚Ñ‡Ğ° Ğ²Ñ‚Ğ¾Ñ€Ğ¾Ğ³Ğ¾ Ğ½Ğ° ÑÑ‚Ğ¾Ğ»ÑŒĞºĞ¾ Ğ½Ğ¸Ğ·ĞºĞ°Ñ?', 'He feels like such a One piece character, I love it!', 'raum from paladins', 'ITS NEVER BORING AROUND ME', 'give me fkn lore']"
AW55J2zE3N4|"['ğŸ˜ŠğŸ˜ŠğŸ˜ŠğŸ˜Š', 'Lennon sings a James Bond theme tune!', ""I was seven when I saw The Beatles in Stockton on Tees. I'm now 67 but never tire of hearing them. My son is a big Beatles fan as well. We are blessed to hear new music from them in 2023.â¤"", 'Eu Queria Letra PortuguÃªs!? Obrigado!? â¤Eu Amo â¤ï¸ Theo Beatles â¤â¤â¤', 'â¤ MÃºsica Ã© Lindo do Theo Beatles â¤â¤â¤ Adoro!?â¤', ""Hello Mr Lennon, how are you?\nWhat do you think of this work around this song composed by you so many years ago? Would you have changed a few notes or a few lyrics? Would you have preferred it to remain forgotten in your archives or are you satisfied to see it rehabilitated thanks to artificial intelligence? What would you do with it today? Trash or not trash? ;-)\nJust kidding, it's a nice song, but I understand that you put it aside. See you soon."", 'How come these guys get 7.2million views and I get practically none.', 'This one stungğŸ’” What a beautiful treasure. ğŸ˜­', 'Wunderbar', ""Why did they blow up the bridge? Paul McCartney ruined the song. If Paul and John die and meet again, they're going to fight a lot over this.""]"
7PAkVIFUZPQ|"['Just found it ... boring.', ""Full disclosure, never really been a fan of The Beatles. Of course they have songs I enjoy and know well. Unfortunately, I find this song to just be a boring, melancholy pop song with little value to those that aren't huge Beatles fans. I seem to be in the minority on this and I'm sure I will be downvoted to hell for my opinion. Seeing all the praise on multiple channels and almost no one having the same opinion as me, I felt like I was the only one that didn't care for it. The song really isn't bad or anything, it's just not for me. However, the video for the song is objectively terrible. No idea what they were thinking putting that nonsensical mess together. Lastly, I am happy for the fans that this means something to. I wouldn't deny others something they hold dear and enjoy."", 'On itâ€™s own, itâ€™s sort of what I expected, but I think if you listen to it, with the visuals of Peter Jacksonâ€™s video, the whole is definitely more than the sum of its parts. In my opinion anyway.', ""Better to have it than not.  It doesn't, in any way, tarnish or diminish what The Beatles accomplished.  And to those who say it was never intended to be a Beatles song - who else could finish it other than John than Paul.  Nobody knew John as well as Paul did in terms of musical perspectives (and maybe even personally).  If Paul is fine with it, so should the rest of us.  It's a beautiful and haunting last song from the greatest musical output of the 20th century.  I choose to celebrate it for what it is -  I hope others can to."", 'I call it, labored magic.  And yes they disbanded at the right time. What a body of musical work..  Like Mozart, Bach and Beethoven, the Beatles catalog  will be playing well into the future.', 'Lifelong Beatles Fan. Iâ€™m so very happy that Paul, Giles Martin and Ringo decided to complete this.  That with technology they are finally able to isolate Johnâ€™s voice is miraculous. Itâ€™s a gift for us all. I heard the song first and listened a few times, but I must say that when I saw the video with the song is when it really hit me what a beautiful sentiment this is. Itâ€™s a love letter to his friends. The type of friends that you went through everything withâ€¦the good, the bad and the ugly. And years later when life is different, you still think of them.  \nAnd you hope and pray that they do the same.  And you how theyâ€™ll come round again in the future. \n\nYou mentioned it â€œsounding like it was from two different erasâ€ and thatâ€™s okay with me. Itâ€™s even okay that Paulâ€™s vocals sound like an older man.  He is older. Itâ€™s more complete this way.  Bringing the younger Beatles, the middle aged Beatles and the Old Beatles together in one songâ€¦genius. I for one, love it.', 'I would use that ai program to extrapolate the tracks and make the production sound time period correct', 'I thought this song was mid.', 'Jeff Lynne should have produced the track. He would have made it sound like a real Beatle record.', ""Yeah modern sounding is no bueno. That's the first thing I noticed.""]"
QZ64vT8LRu4|"['best song of the year so far', 'damn', 'They nerfed their own songğŸ’€', 'Thank you 41 I been waiting for this ğŸ”¥ğŸ”¥ğŸ”¥', 'Itâ€™s a good song but yâ€™all keep to put your money in other investments and get out the hood shit', 'Nah bro they went dumb on dis beat', 'SOULJA BOY FOREVER.....', 'they nefted But tata rude lol', '41 finna go main Kyle Tata & Jenn always means a hit ğŸ—£', ""In the party, Iâ€™m not havin' fun (OHH!) Like, thinkin' 'bout usin' my gun (OHH!) Iâ€™m tryna spot me a (OHH!) Iâ€™m tryna make me a blunt. You gon tell 'em the truth? Like, they got beat and went straight to the stuâ€™. Stomp, stomp, that shit was cute. Why do they cap about the shit that they do?""]"
-nZAav393Jg|"['Fiiiiiire', 'This was shot by my boy brokealexvisuals â¤â¤â¤â¤', 'EMINEM IZ NOT A BETTER RAPPER DEN WAYNE', 'Wayne and ALC album would be heavy !!!', 'I send yo ass where all dogs go ğŸ”¥ğŸ”¥ğŸ”¥ğŸ”¥ğŸ”¥ğŸ”¥ğŸ”¥', 'I love Benny, but Wayne went Big Dog on him ğŸ”¥ ğŸ”¥ğŸ”¥ğŸ”¥ğŸ”¥. Cadence, flow, bars, the whole 9. Fire tune though. Big up uncle AlğŸ‘ŒğŸ¾. ğŸ‡¿ğŸ‡¦', 'both benny & wayne went ğŸ”¥ğŸ”¥ğŸ”¥ğŸ”¥ğŸ”¥', '1:52 to get to the good part of the song.', 'Diamonds cover the watch face, like the Sunni and the Muslim!!!!! ğŸ”¥ğŸ”¥â„â„ğŸ‘‘ğŸ‘‘', ""I've been a big dog since a puppy though!!!!!! ğŸ”¥ğŸ”¥ğŸ”¥ğŸ”¥""]"
0HBPeJIgET0|"['UPDATES: Chunk 1 looks just like he did in the outro. But Chunk 2â€¦ he is BULGING and SWEATING what do we do????', 'I love Chunk 1 he is my favorite in his little ice cube.', 'What if they fill in the â€œair pocketâ€ at the top by placing the pumpkin upside down first, and then they do the column and the big resin pour in the fridge afterwards so they donâ€™t have to drill the air escaping hole?!! ğŸ˜', 'Had lunch while watching this video plus I like the orange', 'How did you forget to drill holes in the top of your pumpkin on the second attempt???', 'I recently rewatched the last three videos to get ready for this year! Iâ€™m so excited!!!', ""Chunk 1 is a winter pumpkin trapped in ice! And a summer pumpkin ice cube for a cold drink! He's a year round pumpkin baby! Chunk 1 is number 1!"", 'YOU NEED TO FREEZEDRY THE PUMPKIN!!\n\nGet a freezedrier!!', 'You should look into how to dry organics. OR go wild with a freeze dryer!!! ğŸ˜‚', 'I like chunk 1s ice cube look. Im concerned about last years pumpkin exploding though. Those fractures make me think he is building up some pretty intense gas. Be careful']"
VvSrHIX5a-0|"['his roar is so loud i luv it', 'I have a really cool idea for a Godzilla movie', 'This is why the franchise never dies', 'Idk how you people watch movies with that much garbage cgi...', 'epic.', 'i really hope that not all of the godzilla scenes were already in the trailer and the rest is just lots of human blabla', 'How did they make him worse?', ""I can't wait to see this. I've been a fan for almost 50 years."", ""I'm going to see this in the theater as an xmas y bday present to myself. I haven't been to the theater in years. I've seen 1 of the Godzilla heads in real life just laying on the ground on the Paramount studio lot. It was the Godzilla head from the crÃ¢ppy Matthew Broderick 1. I also saw Harrison Ford in the doorway of his trailer that same day"", 'So Godzilla is fed up with USA now and is attacking Japan?']"
CZLcCeH2dHU|['Thanks epic games', 'I miss the og times', 'Everyone hacks', 'It would have been cool if the OG Fortnite theme was in this and that there was a chance that you could hear it in game', 'Worst Fortnite season of all time ! Please do something with the game asap !', 'I beg you, when the next season comes out, leave the og map as an option please', 'First week is horrible , no heals or shields. No ammo or weapons. Its a huge stepdown from last season. This is a camping season ! No cars just a few carts and a golfcar ! The shop is as bad as it gets! What is this unplayable stuff? Bad decision!', 'Holy F this is awesome â¤', 'man i thou they would upgrade the OG map, better graphics ğŸ˜‚ instead we gotta play it like how it wasâ€¦ especially on the lake, SLOW', 'Why is there a queue everytime I try to get on ğŸ˜‚ğŸ˜‚ğŸ˜‚ğŸ˜‚']
E7rTIsWgE-o|"['Hahahaha', 'Sean: ""Like when the lockdowns were happening, I did get back into baseball cards""\nAmelia: ""Oh okay, I\'m sorry to hear that""\n\nI am crying ğŸ¤£', 'Baseball cards back at it agaaaaain', 'â„ï¸â„ï¸', 'That thank you Amelia was so Ken coded', 'What is like being bald in the Windy City? ğŸ˜‚ğŸ˜‚', 'My God they have chemistry! I loved thisğŸ¥°ğŸ¥°', ""Ok why is this perfect?â¤ Gosh I'm invested ğŸ˜…"", 'French Hot Ones host looks actually just like Sean. I mean, hair-wise', 'this was great. \n\nalso you gotta get teezo touchdown on here.']"
